-- MySQL Workbench Forward Engineering

SET @OLD_UNIQUE_CHECKS=@@UNIQUE_CHECKS, UNIQUE_CHECKS=0;
SET @OLD_FOREIGN_KEY_CHECKS=@@FOREIGN_KEY_CHECKS, FOREIGN_KEY_CHECKS=0;
SET @OLD_SQL_MODE=@@SQL_MODE, SQL_MODE='ONLY_FULL_GROUP_BY,STRICT_TRANS_TABLES,NO_ZERO_IN_DATE,NO_ZERO_DATE,ERROR_FOR_DIVISION_BY_ZERO,NO_ENGINE_SUBSTITUTION';

-- -----------------------------------------------------
-- Schema sipdb
-- -----------------------------------------------------
DROP SCHEMA IF EXISTS `sipdb` ;

-- -----------------------------------------------------
-- Schema sipdb
-- -----------------------------------------------------
CREATE SCHEMA IF NOT EXISTS `sipdb` DEFAULT CHARACTER SET utf8 ;
USE `sipdb` ;

-- -----------------------------------------------------
-- Table `address`
-- -----------------------------------------------------
DROP TABLE IF EXISTS `address` ;

CREATE TABLE IF NOT EXISTS `address` (
  `id` INT NOT NULL AUTO_INCREMENT,
  `street` VARCHAR(100) NULL,
  `city` VARCHAR(50) NULL,
  `state` VARCHAR(45) NULL,
  `zip` VARCHAR(9) NULL,
  PRIMARY KEY (`id`))
ENGINE = InnoDB;


-- -----------------------------------------------------
-- Table `user`
-- -----------------------------------------------------
DROP TABLE IF EXISTS `user` ;

CREATE TABLE IF NOT EXISTS `user` (
  `id` INT NOT NULL AUTO_INCREMENT,
  `username` VARCHAR(45) NOT NULL,
  `enabled` TINYINT NULL DEFAULT 1,
  `password` VARCHAR(45) NOT NULL,
  `role` VARCHAR(45) NULL DEFAULT 'user',
  `address_id` INT NULL,
  `first_name` VARCHAR(45) NULL,
  `last_name` VARCHAR(50) NULL,
  `image` TEXT NULL,
  `about_me` TEXT NULL,
  `over_twenty_one` TINYINT NOT NULL,
  PRIMARY KEY (`id`),
  INDEX `fk_user_address1_idx` (`address_id` ASC),
  UNIQUE INDEX `username_UNIQUE` (`username` ASC),
  CONSTRAINT `fk_user_address1`
    FOREIGN KEY (`address_id`)
    REFERENCES `address` (`id`)
    ON DELETE NO ACTION
    ON UPDATE NO ACTION)
ENGINE = InnoDB;


-- -----------------------------------------------------
-- Table `brew_type`
-- -----------------------------------------------------
DROP TABLE IF EXISTS `brew_type` ;

CREATE TABLE IF NOT EXISTS `brew_type` (
  `id` INT NOT NULL AUTO_INCREMENT,
  `name` VARCHAR(45) NOT NULL,
  PRIMARY KEY (`id`),
  UNIQUE INDEX `name_UNIQUE` (`name` ASC))
ENGINE = InnoDB;


-- -----------------------------------------------------
-- Table `beer`
-- -----------------------------------------------------
DROP TABLE IF EXISTS `beer` ;

CREATE TABLE IF NOT EXISTS `beer` (
  `id` INT NOT NULL AUTO_INCREMENT,
  `name` TEXT NOT NULL,
  `brew_type_id` INT NOT NULL,
  `origin_city` TEXT NULL,
  `origin_state` VARCHAR(45) NOT NULL,
  `abv` DOUBLE NOT NULL,
  `description` TEXT NULL,
  `image_url` TEXT NULL,
  `brewing_company` VARCHAR(100) NULL,
  PRIMARY KEY (`id`),
  INDEX `fk_beer_brew_type1_idx` (`brew_type_id` ASC),
  CONSTRAINT `fk_beer_brew_type1`
    FOREIGN KEY (`brew_type_id`)
    REFERENCES `brew_type` (`id`)
    ON DELETE NO ACTION
    ON UPDATE NO ACTION)
ENGINE = InnoDB;


-- -----------------------------------------------------
-- Table `beer_tasting`
-- -----------------------------------------------------
DROP TABLE IF EXISTS `beer_tasting` ;

CREATE TABLE IF NOT EXISTS `beer_tasting` (
  `id` INT NOT NULL AUTO_INCREMENT,
  `user_id` INT NOT NULL,
  `notes` TEXT NULL,
  `price` DOUBLE NOT NULL,
  `rating` INT NULL,
  `photo` TEXT NULL,
  `date_sampled` DATE NULL,
  `beer_id` INT NOT NULL,
  PRIMARY KEY (`id`),
  INDEX `fk_journal_user1_idx` (`user_id` ASC),
  INDEX `fk_beer_tasting_beer1_idx` (`beer_id` ASC),
  CONSTRAINT `fk_journal_user1`
    FOREIGN KEY (`user_id`)
    REFERENCES `user` (`id`)
    ON DELETE NO ACTION
    ON UPDATE NO ACTION,
  CONSTRAINT `fk_beer_tasting_beer1`
    FOREIGN KEY (`beer_id`)
    REFERENCES `beer` (`id`)
    ON DELETE NO ACTION
    ON UPDATE NO ACTION)
ENGINE = InnoDB;


-- -----------------------------------------------------
-- Table `wine_type`
-- -----------------------------------------------------
DROP TABLE IF EXISTS `wine_type` ;

CREATE TABLE IF NOT EXISTS `wine_type` (
  `id` INT NOT NULL AUTO_INCREMENT,
  `name` VARCHAR(45) NOT NULL,
  `description` TEXT NULL,
  `wine_scale` VARCHAR(10) NULL,
  `wine_color` VARCHAR(10) NULL,
  PRIMARY KEY (`id`),
  UNIQUE INDEX `name_UNIQUE` (`name` ASC))
ENGINE = InnoDB;


-- -----------------------------------------------------
-- Table `wine`
-- -----------------------------------------------------
DROP TABLE IF EXISTS `wine` ;

CREATE TABLE IF NOT EXISTS `wine` (
  `id` INT NOT NULL AUTO_INCREMENT,
  `name` VARCHAR(75) NOT NULL,
  `description` TEXT NULL,
  `wine_type_id` INT NOT NULL,
  `image_url` TEXT NULL,
  `vineyard_name` VARCHAR(45) NULL,
  `vineyard_location` VARCHAR(45) NULL,
  `vintage_year` INT NULL,
  `abv` DOUBLE NULL,
  PRIMARY KEY (`id`),
  INDEX `fk_wine_red_wine1_idx` (`wine_type_id` ASC),
  CONSTRAINT `fk_wine_red_wine1`
    FOREIGN KEY (`wine_type_id`)
    REFERENCES `wine_type` (`id`)
    ON DELETE NO ACTION
    ON UPDATE NO ACTION)
ENGINE = InnoDB;


-- -----------------------------------------------------
-- Table `spirit_type`
-- -----------------------------------------------------
DROP TABLE IF EXISTS `spirit_type` ;

CREATE TABLE IF NOT EXISTS `spirit_type` (
  `id` INT NOT NULL AUTO_INCREMENT,
  `name` VARCHAR(45) NOT NULL,
  PRIMARY KEY (`id`),
  UNIQUE INDEX `name_UNIQUE` (`name` ASC))
ENGINE = InnoDB;


-- -----------------------------------------------------
-- Table `spirit`
-- -----------------------------------------------------
DROP TABLE IF EXISTS `spirit` ;

CREATE TABLE IF NOT EXISTS `spirit` (
  `id` INT NOT NULL AUTO_INCREMENT,
  `spirit_type_id` INT NOT NULL,
  `name` VARCHAR(45) NULL,
  `description` TEXT NULL,
  `image_url` TEXT NULL,
  `proof` INT NULL,
  `origin_country` VARCHAR(45) NULL,
  `origin_state_province` VARCHAR(45) NULL,
  PRIMARY KEY (`id`),
  INDEX `fk_spirits_spirits_type1_idx` (`spirit_type_id` ASC),
  CONSTRAINT `fk_spirits_spirits_type1`
    FOREIGN KEY (`spirit_type_id`)
    REFERENCES `spirit_type` (`id`)
    ON DELETE NO ACTION
    ON UPDATE NO ACTION)
ENGINE = InnoDB;


-- -----------------------------------------------------
-- Table `location_brewery`
-- -----------------------------------------------------
DROP TABLE IF EXISTS `location_brewery` ;

CREATE TABLE IF NOT EXISTS `location_brewery` (
  `id` INT NOT NULL AUTO_INCREMENT,
  `name` TEXT NOT NULL,
  `description` TEXT NULL,
  `image_url` TEXT NULL,
  `address_id` INT NOT NULL,
  PRIMARY KEY (`id`),
  INDEX `fk_location_address1_idx` (`address_id` ASC),
  CONSTRAINT `fk_location_address1`
    FOREIGN KEY (`address_id`)
    REFERENCES `address` (`id`)
    ON DELETE NO ACTION
    ON UPDATE NO ACTION)
ENGINE = InnoDB;


-- -----------------------------------------------------
-- Table `wine_tasting`
-- -----------------------------------------------------
DROP TABLE IF EXISTS `wine_tasting` ;

CREATE TABLE IF NOT EXISTS `wine_tasting` (
  `id` INT NOT NULL AUTO_INCREMENT,
  `user_id` INT NOT NULL,
  `notes` TEXT NULL,
  `price` DOUBLE NOT NULL,
  `rating` INT NULL,
  `photo` TEXT NULL,
  `date_sampled` DATE NULL,
  `wine_id` INT NOT NULL,
  PRIMARY KEY (`id`),
  INDEX `fk_journal_user1_idx` (`user_id` ASC),
  INDEX `fk_wine_tasting_wine1_idx` (`wine_id` ASC),
  CONSTRAINT `fk_journal_user10`
    FOREIGN KEY (`user_id`)
    REFERENCES `user` (`id`)
    ON DELETE NO ACTION
    ON UPDATE NO ACTION,
  CONSTRAINT `fk_wine_tasting_wine1`
    FOREIGN KEY (`wine_id`)
    REFERENCES `wine` (`id`)
    ON DELETE NO ACTION
    ON UPDATE NO ACTION)
ENGINE = InnoDB;


-- -----------------------------------------------------
-- Table `spirit_tasting`
-- -----------------------------------------------------
DROP TABLE IF EXISTS `spirit_tasting` ;

CREATE TABLE IF NOT EXISTS `spirit_tasting` (
  `id` INT NOT NULL AUTO_INCREMENT,
  `user_id` INT NOT NULL,
  `notes` TEXT NULL,
  `price` DOUBLE NOT NULL,
  `rating` INT NULL,
  `photo` TEXT NULL,
  `date_sampled` DATE NULL,
  `spirit_id` INT NOT NULL,
  PRIMARY KEY (`id`),
  INDEX `fk_journal_user1_idx` (`user_id` ASC),
  INDEX `fk_spirit_tasting_spirit1_idx` (`spirit_id` ASC),
  CONSTRAINT `fk_journal_user100`
    FOREIGN KEY (`user_id`)
    REFERENCES `user` (`id`)
    ON DELETE NO ACTION
    ON UPDATE NO ACTION,
  CONSTRAINT `fk_spirit_tasting_spirit1`
    FOREIGN KEY (`spirit_id`)
    REFERENCES `spirit` (`id`)
    ON DELETE NO ACTION
    ON UPDATE NO ACTION)
ENGINE = InnoDB;


-- -----------------------------------------------------
-- Table `wine_color`
-- -----------------------------------------------------
DROP TABLE IF EXISTS `wine_color` ;

CREATE TABLE IF NOT EXISTS `wine_color` (
  `id` INT NOT NULL AUTO_INCREMENT,
  `description` VARCHAR(20) NULL,
  `color` TEXT NULL,
  PRIMARY KEY (`id`))
ENGINE = InnoDB;


-- -----------------------------------------------------
-- Table `drinking_buddy`
-- -----------------------------------------------------
DROP TABLE IF EXISTS `drinking_buddy` ;

CREATE TABLE IF NOT EXISTS `drinking_buddy` (
  `user_id` INT NOT NULL,
  `friend_id` INT NOT NULL,
  PRIMARY KEY (`user_id`, `friend_id`),
  INDEX `fk_user_has_user_user2_idx` (`friend_id` ASC),
  INDEX `fk_user_has_user_user1_idx` (`user_id` ASC),
  CONSTRAINT `fk_user_has_user_user1`
    FOREIGN KEY (`user_id`)
    REFERENCES `user` (`id`)
    ON DELETE NO ACTION
    ON UPDATE NO ACTION,
  CONSTRAINT `fk_user_has_user_user2`
    FOREIGN KEY (`friend_id`)
    REFERENCES `user` (`id`)
    ON DELETE NO ACTION
    ON UPDATE NO ACTION)
ENGINE = InnoDB;


-- -----------------------------------------------------
-- Table `favorite_brew_type`
-- -----------------------------------------------------
DROP TABLE IF EXISTS `favorite_brew_type` ;

CREATE TABLE IF NOT EXISTS `favorite_brew_type` (
  `user_id` INT NOT NULL,
  `brew_type_id` INT NOT NULL,
  PRIMARY KEY (`user_id`, `brew_type_id`),
  INDEX `fk_user_has_brew_type_brew_type1_idx` (`brew_type_id` ASC),
  INDEX `fk_user_has_brew_type_user1_idx` (`user_id` ASC),
  CONSTRAINT `fk_user_has_brew_type_user1`
    FOREIGN KEY (`user_id`)
    REFERENCES `user` (`id`)
    ON DELETE NO ACTION
    ON UPDATE NO ACTION,
  CONSTRAINT `fk_user_has_brew_type_brew_type1`
    FOREIGN KEY (`brew_type_id`)
    REFERENCES `brew_type` (`id`)
    ON DELETE NO ACTION
    ON UPDATE NO ACTION)
ENGINE = InnoDB;


-- -----------------------------------------------------
-- Table `favorite_spirit_type`
-- -----------------------------------------------------
DROP TABLE IF EXISTS `favorite_spirit_type` ;

CREATE TABLE IF NOT EXISTS `favorite_spirit_type` (
  `user_id` INT NOT NULL,
  `spirit_type_id` INT NOT NULL,
  PRIMARY KEY (`user_id`, `spirit_type_id`),
  INDEX `fk_user_has_spirit_type_spirit_type1_idx` (`spirit_type_id` ASC),
  INDEX `fk_user_has_spirit_type_user1_idx` (`user_id` ASC),
  CONSTRAINT `fk_user_has_spirit_type_user1`
    FOREIGN KEY (`user_id`)
    REFERENCES `user` (`id`)
    ON DELETE NO ACTION
    ON UPDATE NO ACTION,
  CONSTRAINT `fk_user_has_spirit_type_spirit_type1`
    FOREIGN KEY (`spirit_type_id`)
    REFERENCES `spirit_type` (`id`)
    ON DELETE NO ACTION
    ON UPDATE NO ACTION)
ENGINE = InnoDB;


-- -----------------------------------------------------
-- Table `favorite_wine_type`
-- -----------------------------------------------------
DROP TABLE IF EXISTS `favorite_wine_type` ;

CREATE TABLE IF NOT EXISTS `favorite_wine_type` (
  `user_id` INT NOT NULL,
  `wine_type_id` INT NOT NULL,
  PRIMARY KEY (`user_id`, `wine_type_id`),
  INDEX `fk_user_has_wine_type_wine_type1_idx` (`wine_type_id` ASC),
  INDEX `fk_user_has_wine_type_user1_idx` (`user_id` ASC),
  CONSTRAINT `fk_user_has_wine_type_user1`
    FOREIGN KEY (`user_id`)
    REFERENCES `user` (`id`)
    ON DELETE NO ACTION
    ON UPDATE NO ACTION,
  CONSTRAINT `fk_user_has_wine_type_wine_type1`
    FOREIGN KEY (`wine_type_id`)
    REFERENCES `wine_type` (`id`)
    ON DELETE NO ACTION
    ON UPDATE NO ACTION)
ENGINE = InnoDB;

SET SQL_MODE = '';
DROP USER IF EXISTS sipper@localhost;
SET SQL_MODE='ONLY_FULL_GROUP_BY,STRICT_TRANS_TABLES,NO_ZERO_IN_DATE,NO_ZERO_DATE,ERROR_FOR_DIVISION_BY_ZERO,NO_ENGINE_SUBSTITUTION';
CREATE USER 'sipper'@'localhost' IDENTIFIED BY 'sipper';

GRANT SELECT, INSERT, TRIGGER, UPDATE, DELETE ON TABLE * TO 'sipper'@'localhost';

SET SQL_MODE=@OLD_SQL_MODE;
SET FOREIGN_KEY_CHECKS=@OLD_FOREIGN_KEY_CHECKS;
SET UNIQUE_CHECKS=@OLD_UNIQUE_CHECKS;

-- -----------------------------------------------------
-- Data for table `address`
-- -----------------------------------------------------
START TRANSACTION;
USE `sipdb`;
INSERT INTO `address` (`id`, `street`, `city`, `state`, `zip`) VALUES (1, '123 Main St', 'Cityville', 'Texas', NULL);
INSERT INTO `address` (`id`, `street`, `city`, `state`, `zip`) VALUES (2, '621 Broadway Rd', 'Hanover', 'Utah', NULL);
INSERT INTO `address` (`id`, `street`, `city`, `state`, `zip`) VALUES (3, '836 2nd St', 'Denver', 'Colorado', NULL);
INSERT INTO `address` (`id`, `street`, `city`, `state`, `zip`) VALUES (4, '740 G St', 'Philadelphia', 'Pennsylvania', NULL);

COMMIT;


-- -----------------------------------------------------
-- Data for table `user`
-- -----------------------------------------------------
START TRANSACTION;
USE `sipdb`;
INSERT INTO `user` (`id`, `username`, `enabled`, `password`, `role`, `address_id`, `first_name`, `last_name`, `image`, `about_me`, `over_twenty_one`) VALUES (1, 'admin', 1, 'admin', 'ADMIN', 1, NULL, NULL, NULL, NULL, 1);
INSERT INTO `user` (`id`, `username`, `enabled`, `password`, `role`, `address_id`, `first_name`, `last_name`, `image`, `about_me`, `over_twenty_one`) VALUES (2, 'bobloblaw', 1, 'bobloblaw', 'user', 2, 'Bob', 'Loblaw', 'https://media.licdn.com/dms/image/C4D03AQF9dPQ32e4R4Q/profile-displayphoto-shrink_800_800/0/1517505558841?e=2147483647&v=beta&t=4zRpUnhJtDrTYbOxmel7rr9uHApLUQHbKMyg72JJ4vE', 'Bluth family attorney -- \"You don\'t need double talk; you need Bob Loblaw.\"', 1);
INSERT INTO `user` (`id`, `username`, `enabled`, `password`, `role`, `address_id`, `first_name`, `last_name`, `image`, `about_me`, `over_twenty_one`) VALUES (3, 'alexanderhamilton', 1, 'alexander', 'user', 2, 'Alexander', 'Hamilton', 'https://encrypted-tbn0.gstatic.com/images?q=tbn:ANd9GcQ5CzE69ALQdfl8w717R_Fr5NM8kZbuZ5MONA&usqp=CAU', 'One of the founding fathers of the United States. Fought in the American Revolutionary War, helped draft the Constitution, served as the first secretary of treasury. Recent Broadway Star. ', 1);
INSERT INTO `user` (`id`, `username`, `enabled`, `password`, `role`, `address_id`, `first_name`, `last_name`, `image`, `about_me`, `over_twenty_one`) VALUES (4, 'johnadams', 1, 'johnadams', 'user', 2, 'John', 'Adams', 'https://encrypted-tbn0.gstatic.com/images?q=tbn:ANd9GcSK0SzlrdfPim6uAwgdXVuc-wjFxhKBE-jbUA&usqp=CAU', 'Second President of the United States. Wrote thousands of love letters to his wife. Avid lover of frisbee golf. ', 1);
INSERT INTO `user` (`id`, `username`, `enabled`, `password`, `role`, `address_id`, `first_name`, `last_name`, `image`, `about_me`, `over_twenty_one`) VALUES (5, 'samadams', 1, 'samadams', 'user', 2, 'Sam', 'Adams', 'https://encrypted-tbn0.gstatic.com/images?q=tbn:ANd9GcQIWBv6WTjpG4lCtswdSbzMEHs2ROnWMSWbMA&usqp=CAU', 'Founder of \"The Sons of Liberty.\" First to propose a Continental Congress. Makes a pretty ok beer.', 1);
INSERT INTO `user` (`id`, `username`, `enabled`, `password`, `role`, `address_id`, `first_name`, `last_name`, `image`, `about_me`, `over_twenty_one`) VALUES (6, 'skaterboy', 1, 'skaterboy', 'user', 2, 'Tony', 'Hawk', 'https://encrypted-tbn0.gstatic.com/images?q=tbn:ANd9GcS8h_pXUkASbiTcQj488-GMJCtUaZvXwO0gQA&usqp=CAU', 'LIkes to skateboard, probably also likes beer', 1);
INSERT INTO `user` (`id`, `username`, `enabled`, `password`, `role`, `address_id`, `first_name`, `last_name`, `image`, `about_me`, `over_twenty_one`) VALUES (7, 'lauren', 1, 'lauren', 'ADMIN', NULL, 'Lauren', 'Ackley', 'https://i.imgur.com/VwIqFYH.jpg', 'Likes merlot wine, and cats', 1);
INSERT INTO `user` (`id`, `username`, `enabled`, `password`, `role`, `address_id`, `first_name`, `last_name`, `image`, `about_me`, `over_twenty_one`) VALUES (8, 'Boozer21', 1, 'hello', 'ADMIN', NULL, 'Casey', 'Froehlich', NULL, NULL, 1);
INSERT INTO `user` (`id`, `username`, `enabled`, `password`, `role`, `address_id`, `first_name`, `last_name`, `image`, `about_me`, `over_twenty_one`) VALUES (9, 'Beast', 1, 'east', 'ADMIN', NULL, 'Lowell', 'Belany', NULL, NULL, 1);
INSERT INTO `user` (`id`, `username`, `enabled`, `password`, `role`, `address_id`, `first_name`, `last_name`, `image`, `about_me`, `over_twenty_one`) VALUES (10, 'john', 1, 'john', 'ADMIN', NULL, 'John', 'Nichols', NULL, NULL, 1);
INSERT INTO `user` (`id`, `username`, `enabled`, `password`, `role`, `address_id`, `first_name`, `last_name`, `image`, `about_me`, `over_twenty_one`) VALUES (11, 'disabled', 0, 'disabled', 'user', NULL, 'Disabled', 'Person', NULL, NULL, 1);
INSERT INTO `user` (`id`, `username`, `enabled`, `password`, `role`, `address_id`, `first_name`, `last_name`, `image`, `about_me`, `over_twenty_one`) VALUES (12, 'under21', 1, 'under21', 'user', NULL, 'Test', 'Test', NULL, NULL, 0);

COMMIT;


-- -----------------------------------------------------
-- Data for table `brew_type`
-- -----------------------------------------------------
START TRANSACTION;
USE `sipdb`;
INSERT INTO `brew_type` (`id`, `name`) VALUES (1, 'Pilsner');
INSERT INTO `brew_type` (`id`, `name`) VALUES (2, 'Lager');
INSERT INTO `brew_type` (`id`, `name`) VALUES (3, 'IPA');
INSERT INTO `brew_type` (`id`, `name`) VALUES (4, 'Pale Ale');
INSERT INTO `brew_type` (`id`, `name`) VALUES (5, 'Stout');
INSERT INTO `brew_type` (`id`, `name`) VALUES (6, 'Porter');
INSERT INTO `brew_type` (`id`, `name`) VALUES (7, 'Bock');

COMMIT;


-- -----------------------------------------------------
-- Data for table `beer`
-- -----------------------------------------------------
START TRANSACTION;
USE `sipdb`;
INSERT INTO `beer` (`id`, `name`, `brew_type_id`, `origin_city`, `origin_state`, `abv`, `description`, `image_url`, `brewing_company`) VALUES (1, 'Bud Light Lime', 2, NULL, 'Texas', 4.2, 'This is an American style light lager that combines the superior drinkability of Bud Light with a splash of 100% lime flavor. It has a delicate malt sweetness, a clean, crisp finish and the taste of fresh-squeezed lime for ultimate refreshment.', NULL, 'Anheuser-Busch');
INSERT INTO `beer` (`id`, `name`, `brew_type_id`, `origin_city`, `origin_state`, `abv`, `description`, `image_url`, `brewing_company`) VALUES (2, 'Bud Light', 2, NULL, 'Texas', 4.2, 'Bud Light is a light-bodied beer featuring a fresh, clean taste with a subtle hop aroma, delicate malt sweetness and a crisp finish that delivers the ultimate refreshment.', NULL, 'Anheuser-Busch');
INSERT INTO `beer` (`id`, `name`, `brew_type_id`, `origin_city`, `origin_state`, `abv`, `description`, `image_url`, `brewing_company`) VALUES (3, 'Coors Light', 2, NULL, 'Colorado', 4.2, 'Coors Light is a natural light lager beer that delivers Rocky Mountain cold refreshment.', NULL, 'Molson Coors');
INSERT INTO `beer` (`id`, `name`, `brew_type_id`, `origin_city`, `origin_state`, `abv`, `description`, `image_url`, `brewing_company`) VALUES (4, 'Dogfish Head 60 Minute IPA', 3, 'Milton', 'Delaware', 6.0, 'This quintessential American IPA is brewed with Warrior, Amarillo & \'Mystery Hop X.\' It is a powerful East Coast I.P.A. with a lot of citrusy hop character with hints of floral and orange.', NULL, 'Dogfish Head Brewery');
INSERT INTO `beer` (`id`, `name`, `brew_type_id`, `origin_city`, `origin_state`, `abv`, `description`, `image_url`, `brewing_company`) VALUES (5 , 'Karbach Hopadillo', 3, 'Houston', 'Texas', 6.60, 'Pours a deep amber orange with a thick, creamy white head and big aromas of grapefruit, pine and some sweet breadiness. Citrus flavor followed by pine, caramel malts and a bit of bread. Finishes with a hoppy citrus kick.', NULL, 'Karbach Brewing Company');
INSERT INTO `beer` (`id`, `name`, `brew_type_id`, `origin_city`, `origin_state`, `abv`, `description`, `image_url`, `brewing_company`) VALUES (6, 'New Belgium Voodoo Ranger Impeial IPA', 3, 'Fort Collins', 'Colorado', 9, 'Bursting with tropical aromas and juicy fruit flavors from Mosaic and Amarillo hops, this golden IPA is perfectly bitter with a refreshing finish.', NULL, 'New Belgium Brewing Company');
INSERT INTO `beer` (`id`, `name`, `brew_type_id`, `origin_city`, `origin_state`, `abv`, `description`, `image_url`, `brewing_company`) VALUES (7, 'Stone Delicious IPA', 3, NULL, 'California', 7.5, 'Enjoy all of the bitter, piney & citrusy flavors of an IPA without the gluten. This beer offers a delightful blend of hop flavors balanced by subtle hints of sweet malts.', NULL, 'Stone Brewing Company');
INSERT INTO `beer` (`id`, `name`, `brew_type_id`, `origin_city`, `origin_state`, `abv`, `description`, `image_url`, `brewing_company`) VALUES (8, 'Stone Hazy IPA ', 3, NULL, 'California', 6.7, 'Blooming with bold, juicy flavors. This amazingly hazy IPA features El Dorado & Azacca hops which bring tons of citrus & fruit elements while intense Sabro hops highlight the tropical notes of this beer.', NULL, 'Stone Brewing Company');
INSERT INTO `beer` (`id`, `name`, `brew_type_id`, `origin_city`, `origin_state`, `abv`, `description`, `image_url`, `brewing_company`) VALUES (9, 'Alaskan Pilsner', 1, 'Juneau', 'Alaska', 4.8, 'Clean and crisp, Alaskan Pilsner is golden straw in color with a fluffy white head. Its slight malty sweetness finishes with a moderate bitterness that doesn’t linger. This artful balance makes each sip better than the last.', NULL, 'Alaskan Brewing Company');
INSERT INTO `beer` (`id`, `name`, `brew_type_id`, `origin_city`, `origin_state`, `abv`, `description`, `image_url`, `brewing_company`) VALUES (10, 'Dogfish Head Shelter Pale', 4, NULL, 'Delaware', 5, 'This is the original Dogfish Head brew and it\'s highly drinkable beer. Shelter Pale Ale is brewed with a premium barley and whole-leaf Glacial & Warrior hops. It has a fine malt backbone and a slightly nutty flavor. A versatile, quaffable beer.', NULL, 'Dogfish Head Brewery');
INSERT INTO `beer` (`id`, `name`, `brew_type_id`, `origin_city`, `origin_state`, `abv`, `description`, `image_url`, `brewing_company`) VALUES (11, 'Bell\'s Juicy Gossip', 4, 'Kalamazoo', 'Michigan', 4.7, 'Developed over several batches at our Innovation Brewery, this Juicy Pale Ale has a soft bitterness with a fruity, juicy hop character and tropical notes.', NULL, 'Bell\'s Brewing Company');
INSERT INTO `beer` (`id`, `name`, `brew_type_id`, `origin_city`, `origin_state`, `abv`, `description`, `image_url`, `brewing_company`) VALUES (12, 'Guinness Draught', 5, NULL, 'Ireland', 4.2, 'Pours to a beautiful brown color with a creamy tan head. Smooth roasted malt and coffee flavors are balanced by some hopping, and the mouthfeel is as silky as you could ask for.', NULL, 'Guinness');
INSERT INTO `beer` (`id`, `name`, `brew_type_id`, `origin_city`, `origin_state`, `abv`, `description`, `image_url`, `brewing_company`) VALUES (13, 'Real Ale Coffee Porter', 6, 'Blanco', 'Texas', 6.6, 'Pours a very dark brown with a tan head. This porter is brewed with organic, fair trade coffee from Katz Coffee Roasters. It has a smooth, robust mouth feel that enhances the brew\'s roasted malts, chocolaty texture and light hints of bitterness.', NULL, 'Real Ale Brewing Company');
INSERT INTO `beer` (`id`, `name`, `brew_type_id`, `origin_city`, `origin_state`, `abv`, `description`, `image_url`, `brewing_company`) VALUES (14, 'Live Oak Primus', 7, 'Del Valle', 'Texas', 8, 'Dark and cloudy, Primus Weizenbock marries the rich, malty flavors of bock beer with the fruity and spicy flavors of weizenbier. Brewed with equal parts wheat and specialty barley malt, Primus features a subtle warming alcohol character.', NULL, 'Live Oak Brewing Company');
INSERT INTO `beer` (`id`, `name`, `brew_type_id`, `origin_city`, `origin_state`, `abv`, `description`, `image_url`, `brewing_company`) VALUES (15, 'Lost IPA', 3, 'Berlin', 'Maryland', 7.2, 'West coast style IPA. Clean and dry with hops prevalent in the aroma and flavor. We were lost...and now we are in love.', NULL, 'Burley Oak Brewing Company');
INSERT INTO `beer` (`id`, `name`, `brew_type_id`, `origin_city`, `origin_state`, `abv`, `description`, `image_url`, `brewing_company`) VALUES (16, 'Atomic Torpedo', 3, 'Chico', 'California', 8.2, 'East Coast meets West Coast in this juicy and dank double IPA. Lush fruit, sticky pine, and floral tones. Soft yet assertive. Approachable yet atomic.', NULL, 'Sierra Nevado');

COMMIT;


-- -----------------------------------------------------
-- Data for table `beer_tasting`
-- -----------------------------------------------------
START TRANSACTION;
USE `sipdb`;
INSERT INTO `beer_tasting` (`id`, `user_id`, `notes`, `price`, `rating`, `photo`, `date_sampled`, `beer_id`) VALUES (1, 1, 'Could this be worse?', 9, 1, 'data:image/jpeg;base64,/9j/4AAQSkZJRgABAQAAAQABAAD/2wCEAAkGBxASERMQEhQWFRMTEhISFxUVExcVFhYWFxEZGBUTGRMYHiggGR4lGxUYIjEhJSktLy4uFx8zODMtNygtLi0BCgoKDg0OGxAQGzAlICUzLy0tNS4uLTAtLy8vLS8tLy0tLS0tLS8tLS0tLTUtLi0tLSstLS0tLS8tLS0tLS4tLf/AABEIAOEA4QMBIgACEQEDEQH/xAAbAAEAAgMBAQAAAAAAAAAAAAAABgcDBAUCAf/EAEgQAAIBAgQCBgMLCQYHAAAAAAABAgMRBBIhMQVBBgcTIlFhcYGRFCM0QmJ0kqGxs9EyMzVDUlNyc6IksrTBw/AVVGOjwuHx/8QAGwEBAAIDAQEAAAAAAAAAAAAAAAQFAgMGAQf/xAA4EQACAQIDBAkBBQkBAAAAAAAAAQIDEQQhMQUSQVEiYXGBkaGx0fDBExQVcuEWIzJCUlNikvEG/9oADAMBAAIRAxEAPwC8QAAAAAAAAAAAAAAAAAaXFOIU8PRnXqu0IK75t62SS5ttpL0lcYzrTrNvscPCMb6OpJybXJtRSS9F36SbdNcJTq4KtGpKUYJKbcbJ92SaV3tdq1yvei3QDh+KweGrVqc6knFyk5TmnNt37zi02lyXI01I1JPoysuy7I9WFWT6ElFdl2Z6PWjik7zw9OS8I9pB+jN3vsJ90X4/Tx1HtoRcWpZJwlvGSSe/NNNNP7NiKVurrhUbzWFs0pPSrWtdxavZzs9zb6peHQpYOU4znKVSo8ym08uXRRVl6dzynCrF9KV12JM8pU60H0p7y7LMnYAN5JAAAAAAAAAAAAAAAAAAAAAAAAAAAAAAAAAAAAOV0ioZ8PUjmyuyadk1dPRNS0aezXmR3hHRPDwoqFWmqnek05SlOLTleLjTbcYK3xYqxIukvweUf25U4fSqRRgr8Rw0LKValGy2dSK+psBu2pz8R0dw+Rxp0lC9l3Jzpc/2qckzZ6HYPsqUk555KeSTskrxXgud5O7e/wBRkhxfDN6V6Tf82P4mXgUo9piYxaa7WM007rvwXNeaYTT0PE09DtAAHoAAAAAAAAAAAAAAAAAAAAAAAAAAAAAAAAAAABB+tmpbBwgvj1kvUqcn9tjkcM4XQcX2tJuSnBd15VGEoQlFtpqNmu0d277c2jY62cTaeEh5Vpv1Oml9rI+ukNbN+dVNJxjbLDVRpuMXLRZ9O7rfl4IqsRVpwrtz4JLS/wA1KbE1aSxXT1slw7ePb6nU4xwWHue9Ck1V7ri3JWkks1SXfllccqzaaq3hc+9VVRRxeKprTNTjJL+CpJf6hxMdx6pa6rdo7tWtbSUJRb1v8WUl6za6u8YlxGCtbtI1aejbu1DPf/tmNKrTnVjKGWdtLGEKtJ4mG72eTXDmXGAC3LwAAAAAAAAAAAAAAAAAAAAAAAAAAAAAAAAAAAArnpooz4jThJXUMNF+V51Z8vRFHUrYaCnZRitFsrf5HH4rUz8Ur/IdGmvVTi39cmdys7zZxm1q37yo7/zRXgmWtCnGMY5Z2v6GDFUYfsr6KOK6cKfEcDNJJSkk7aXcoTgnZebR3sSRrpBVy1MLV/d1qb+jWuR9n1t2rnws/P8AU2zpqcLNfLFrAA7spQAAAAAAAAAAAAAAAAAAAAAAAAAAAAAAAAAARnptxz3PRdKD9/rJxh4xT0lU9XLz9ZhUqRpxc5aIyhBzkoohWBxXa4rEVlqp4ipJP5KlaL9iRLHK7uRngPDckUd7K7HznHV/tKkrPV39fcu1CySMuJs0RLpY70dN05fiiR1L+Jw+KYPOnG++3pPMJLdqXfzM2KNolmcLxKq0aVVaqdOE/bFM3CA9XPF8sfcNV2lBt0784t3cfU72J8fQ8NWVWmpLv7fnkUVam6c3FgAG81gAAAAAAAAAAAAAAAAAAAAAAAAAAAAAGpxDGQo0p1pu0KcXN+hLYqXD16mKryxNXeb0XKMfiwXkkS7rXxbjhKdJfrq8Yy/hjFz/AL0Ykc4LTSijnNu4hxSh3lngYJRcuZI8Dh3lulouZmcDrYiCp0IwW7t7d2aCRy20MP8Adqihe7sm+pvh3G6nU31c06lM5mOgdurE5mOiR6MsyVRdyM8Wpy0rweWcGm2tGmtpFmdFOMLFYaFX467s14TW/t39ZAJ2Tae0k4s3eqvEuOIxNDlKMaqXnGWVv2New63ZFd/abvPX6efqyJjqScL8izQAdOU4AAAAAAAAAAAAAAAAAAAAAAAAAAAAABX/AFuR96wsuSryXrdJtf3WcbhUtEdXrprZMLhna98XFb/9Cr+BFODcSekcv9Tb+io6euxzO3KMpyuuROw+Lo0obs3Z9jfoiycdiLqKV9+aaMMGcbE8ebUX2aVrrv1beHgn4mOPSJr9VdeUpv8A0znsfTnXrOcVl85u/iI47DxilveUvY7dVnMxl/A16nSN7dj4/Gn9vZmtV41m0yL1VU/qaXivaaIYaonobqW0sNHWXlL2MOI39Z76t434jVa5Yed/XVgamKxV3+R6r2l6oySv6mza6rZ34hie7a2HT38aq0tbTY6HZFOX2ybPMRj6FWDjCV2+qX1Vi1gAdaVgAAAAAAAAAAAAAAAAAAAAAAAAAAAAABW/Xj8EwvzyP3FUgnC6sYpZmorz568oLf635E6684t4PDW392Rt6ewqlXYGEs1mnm09P4v1FVj6anLN8CLWXSJjLiUXFuCqOMd2rU4Xtot4y+p8jTqYypaTyQ7lk74iTd94wsqctdb25GanTl2dOEN5JNeGed22+fdjqYkqcU22uzirRbvZt65nbXXf0W8Ci3KabSXHrvy4W1+vUaJHmljqmXPkik3kf9oqJp7qLTpq1+Vn5HufEko3mqijdxb7lSClro9ZS+rmhKMPKW9OoldL8q20tVr6rx8jF2TealK7Uo5VLTLKDjmp1Vz8vSvW1qb1XXx073w7OK55YmysRCaeRqS3aTt7actF/Szs9U+uOxb8KFJc+c2+epB6Sdk7O7ta2+q0a5+wm3VBGXurFuT1dGl4bZ5W20LTA0FSr68/nyxuoq0184FsAAviaAAAAAAAAAAAAAAAAAAAAAAAAAAAAAAVt16pe4sO3yxkd3b9RV5lcYevCShJN56a3SbTvZZVqm3mat/tFh9fcW8Dh0v+cht/Iqlb8Gwso2calm7atarR66rTdrTxK7GU953WqIeIkoyzJO55acc0bp0o05xbam0u7Vgud1v/ALuYHg4yj2WbSOql4xdLs77rlK+/p0PebLHLOcW5NtTeWSi7K68ov7b+rWzxpvLNyhrmjK14rX82pJptPe26vre6So5UpRlbj1fOHpqskjQpqecWbLoZG0mnKpJuySSu6rk3o3d3bV/kJcjFQnG6UfzdLNld3dpRearbwc21bZWMDqxqWjFznN7uGyWnczvbN4vTlu0z7XejpwnFS0blFpKKjJWpK+68fK69CNNt7j1+Z+GSfJvgzGUlFXkY+EVYw79VtSUey1g04ONs2fW97OK229JK+qRR92YzLbL2VKzTvf3yXsZEMRhpzVp1INrmtJaXSV1e/Mk3UnTccTjU7/m6W/8AHPUs8JS3a2+9Xw4d2mhtw84yq+Po+/yLfABdFgAAAAAAAAAAAAAAAAAAAAAAAAAAAAAAVp19fAKHzyH+HrFWcHrzVrSkvRJotPr6/R9D55D/AA9Yq/geEqTTlCE5KCTk4wclFO+smlps9/ArcbG5U7SvbItLDdG6cqGHnPFVYSxGWMVZyWZxclHyWj1Zr0ehdRe6U8U/eNrU01JOCqaxb7r119p3OFcbo+5sNGOJjT7JQ7VOk5KUYx71PM1aO61R44d0gwM62MpwnkjWyvtHGSjKTp5Jyu9Fst7X1YWHw2WSz88vddRsjCh0c1n/AJPl+bmcDD9FJzw9Cs8TL3+cYuPZ/k9pN3baazevc3avQq8p0KWMbrwgqmSVNxVndR1T2urXV7eBt1OM4ShSwWFjXhV7OtTc6kdIRjC8nJtXS1srXNyvxnBUsRUxirdpKdGNKFOnBttxu33lprZeFrMLD4a1mo5a9WWfEKFHi1wv0nllnbMqaviKqvGU5XTaadSWjWjW5LupN3xGMv8AuqX9+ZF8fhK/frTpSipScnJwkopyle2Zq27JR1JfCcX/ACqf3kyLgoKNTJW7rETZu8q/Svo9b8ust4AF4XoAAAAAAAAAAAAAAAAAAAAAAAAAAAAABWvX1+j6PzyH+HrHE6nruhxFLVuhR0W/5FU7nXz+jqPzyn9xWK26JcbxOFzOhUcM+XN3YyvlvbSSfi/aQ681CopP5wIGKqqlUjOWn6NFn9F6bjwjFxknF+/3urNe8x5M7XEpTw0sNhMI6VJVI1WnOLabhktHRq8pZ2293Yg8ek2NqqdHPFvEKSnmhFXvTUHZrbSK5GbhPSrHRpxg1RqqnU7OMqsXnUorTVNbLnuR1jKNNKMnayWff28bEfD4qmoRhG+Ste3LVZPiiY8Gw817vjWlBSlNOUoRtCKlQi728k9W97HO6R4h4XhlCeHqKTpzioVFFWeaFSLlld1tJnAj0i4hetpS/tFRwldPRqlk7uuiyx53OJxbjdd4eOBm4OlTy2yrXS7V5evwMZY6i4uNN52durPI9rYuKpu11k0nnq3l79xKOtnG1VDD0szyVITnONlaUoum4vbldnO6k/hOL/lUvvJka45xrEYrI6082ROMe7GNk7X/ACUr7LckvUn8Jxf8ql95Myp1VUxG8tBhayrYtzWlna/YW8AC0LYAAAAAAAAAAAAAAAAAAAAAAAAAAAAAArbr6/R1L55T+4rFT8Fjeyul5vRFtde/6OpfPKX3VUq/gc7WSm4bWTimt/G/+RXY3LUrNoxulf54tEio05wlGUbScbtK6s9Lb+s808VUjtSSWdzspfGy6re+2p8qTjltnjqmruMr8/k+f2eBgzK/xOfNrd3+qxVVI0ZO8r+aKqnZK0X5p/R8jbjjqzyvs1paS729oNX+ts0sTGVTvZVG73zNt65bXbelz5TilbWLt4yv4/j9SPEsuvepq/yZ+HK0dDGKoxzjr3+wk21ZvzXsaeJp200el9HcmfUp8Jxf8qj95MjFardNdo3fdRhpr5u3j4Ep6lre6sYkmrUqK1afx5+BOwdvtFb0JezYpVsuT9O1luAAui9AAAAAAAAAAAAAAAAAAAAAAAAAAAAAAK767sPOpw+nGCvL3XSaV0v1VTxKv4VSr07KcXC37akk/XYt3rP1p4WL2eJu/SqU7fazUwNrJcjndr7Qlh6iilfLsf1N34YsXS3t9xfVp4XXqQerVeS1k7px0fyd/ZFGtXrSaleC1k5ayv4K2ltNP987Lr4Sm1rGMvTG5rPh1D91D6C/AqZ7Ws7OPmiB+ztW2VVW/Lb6lfOq7R97WkUr3Wtlv6N9PM8zxEvBLWL1lvbxW1vLZFh/8Nw/7qH0F+B7hhKS2pwXohFf5GP4w/6fT2PV/wCdq/3V/r/wrZ9rK+RXct1HXbyS+ol/U9hakMVi3Ui4uVKlo9H+XLly3O9HdJabGt0NVuJ1kr2lh5t+lVYW+1+0sdl491q6Vtb8b8O70JVPY6wsXNzcn4L1fqWGADqTEAAAAAAAAAAAAAAAAAAAAAAAAAAAAAAiXWTQvhYVf3OIpzfokpU/tqI4OAxcWlbXQsHH4OnWpzo1FmhOLjJbaPzWqfmQZdAq1GTdKqqkL6KbyVEvDNZqT8+6Ue1dmTxTU4PRWJ2FxUaUd2RmjVb2RkWZ8jaocErxW3taf1xNqHDa/NR/qX4nPvYeKT/hXiTPvlI5bUl/9PLb8PrOvLhtb5Psk/wMFTg9d/8ApKP2sfgeLbyivL6XPFjKfE5brpO7ura+nyPnQC1TGYqqviU4U/pzb/8AA+4rohjK3dz06UXvJuVWVv4Eor+ok/RzgVLBUeyp3k2805yd5Tlbd8ltZJaIu9mbJqYeaqTayv5kbEYqM4uMeJ2AAdCV4AAAAAAAAAAAAAAAAAAAAAAAAAAAAAAAAAAB6AADwAAAAAAAAAAAAAAAAAAAAAH/2Q==', '2022-12-22', 1);
INSERT INTO `beer_tasting` (`id`, `user_id`, `notes`, `price`, `rating`, `photo`, `date_sampled`, `beer_id`) VALUES (2, 2, 'Fancy, hoppy', 4, 8, 'https://encrypted-tbn0.gstatic.com/images?q=tbn:ANd9GcQqj56qyZD2d8s0LQGOjkqQ_cq6w5oJLX443A&usqp=CAU', '2023-01-03', 5);
INSERT INTO `beer_tasting` (`id`, `user_id`, `notes`, `price`, `rating`, `photo`, `date_sampled`, `beer_id`) VALUES (3, 2, 'Very bad, not my favorite', 5, 2, 'data:image/jpeg;base64,/9j/4AAQSkZJRgABAQAAAQABAAD/2wCEAAkGBxMTEBMSEhMQFhIVEhMVExUYExgaEhcRFxkYFhcZFxMaHiggGxomGxMXITEhJSkrLi4uGB8zODMtOSgtLisBCgoKDg0OGxAQGy0mHyY3NTAuNy0rNy8tLSstMC03LS8tLS8tLS8tLS0vLS0rLSs1LS0tKy0tLS0tLS0tLS0tLf/AABEIAOEA4QMBIgACEQEDEQH/xAAcAAEAAgMBAQEAAAAAAAAAAAAABAYDBQcCAQj/xAA+EAACAgAEAgcGBAMGBwAAAAAAAQIRAxIhMQRBBQYiUWFxkQcTMoGh8EKxwdEUI+EzUmJykvEVFiQlc6Ky/8QAGgEBAAMBAQEAAAAAAAAAAAAAAAMEBQYCAf/EACwRAQACAgECBAUDBQAAAAAAAAABAgMRBAUhEjFBgSIjM3HwFGGxEzJCUeH/2gAMAwEAAhEDEQA/AO4gAAAAAAAAAAAAAAAg9L9Jw4eCnNSdyUYxirlKT5LZbW7bSpGnXWtvWGDarS5tS2UmqUGryyT0b59xi9pcpx4GU8LElh4kWsrSTVvvUnS/za13FL6JlDF4SKn0lPD4n3ub3ylCbUMuTJ7rClS7OVW9dAOgf8yxSuUYxVSvtTb7MczekGmkr1ur03HRfW7hsbGWApZcV/DF1U9M1RlzeXWtHV9zrm/GdG5Y3Hp+SpNdvAT0er7U5rd82SvZ3x2NPjo4M+LwMfBipThJYODmckmqjPDn2dJPv+FLTVgddAAAAAAAAAAAAAAAAAAAAAAAAAAAAAAAAAAFd69pPg3GUlGM8XBjJulHK8SN5pP4VSu/A+4fS/BQw4wjjxyR+HLiTb5/jTt795p/a1ir+FwYNNylxCy9qqqMr7PPetufrWsHgJe7hd3tSq81N022knSbrV+BWzZrUnVY2r5Mtq21WF6l0zwT3x5V/wCXGX6mPoXh+BfFvG4fFwp4soSTSxFKVWnaT7Xf6nMemPfR0w8LFetfBKVOs2tR001Jnsvxni9Iwb7EoRxcy/vUstU/N/6WMea863DxTPeZjcO1AAsrYAAAAAAAAAAAAAAAAAAAAAAAAAAAAAAACme0GSm8DCUsP3kc+JGMmrjKskcRu+zFZp6+fcVzhpqGE4R4iGVPFUVmw+3GUoxbxZ1KCc9XVNqMK1bJPtLw2+O4dw/lzjhNvEz5XNZtIpLVqNO/86IXSCby2rlkdtJLurZefqtTP5HIrS+vVWyW7z+yN0r0hD3WIsTiISzRxHPCyQcZyniJxip5cP4pJTm2klFRvYxdVZNdMRkuIniZ8eTljPDWHHFzQk/5aTalhtuNPRNarkzDxME5XL3mJC6xOHcmruu3hapPuabXfapJ+4dJ5uNwp4SySWXDi5ZY5cR54rTZayUb7rPUZvFrSPx707WD5HbXfmfS8ugAAAAAAAAAAAAAAAAAAAAAAAAAAAAAAAOU9f8AjpS6T90sOTy4OHFPNpq5zctNlqlrvlZj4uc3XYnqlXxXrX6v8iD1n6Vkul+Kt6LJhVHLThGCrM9b/tJ6f4vAk/8AE82XdpNOr/Em5XrbXapmPy6VnJuYn892fkv8U90fHTd1hu7aekm7r81RpeNxKlF+7yZcWF9htbp9pS8tnvZvp9JS5ym6t2p1bb5xWnyruK909x2eKWtLtNN6eNR5L5DBEb7RP57oon936DR9MXCSi8ODhly5Y5adxy1pT7jKbDVAAAAAAAAAAAAAAAAAAAAAAAAAAAAAAA1HT/S3uY5YNe9atWm0o666b7bWR5ctcVZvbyh6rWbTqFU4zAw8TicXE93C3iPVwWZ12ddP8J74rASXww7vhS/Q98Jhc5N3dt873sy8Rb01e16HBZs83yzbbVilY1Gml4jDS3jHzpfD4s1nFcHFO5RhJW/wrX1N3xmC3yenoR8PDUrhLu0/370W8OWZjzTeGuvJ0Hq/hxjwuCo5cvu4tUklqrei0WrZsCqdTeKyReBNtavJdZW71UfVOvMtZ1/GyRkxxMMbLSa3mAAE6MAAAAAAAAAAAAAAAAAAAAAAAAAAEDpvjFhYMpOTjdRTW9vu8asq/AYPvsS+34ubtteN34Ezr8uxgauveS05fDv5/uzJ1cXZk77lfMwudX+vyq4Z8vX+f+LuL4MXjjzZcbBUXSGRUeuKxE8R+HcrPl6Pfyre/wDc5rLirHIvFY7RM69kkWnUbQ8fD+2yBiRpp/p96myxfP8AoQ8Vc3t9COImJ7LFJ7MHTWFUYYsVTXddV+5Yuq/TP8RhtO/eQpS1XaTupL0ND0s/+na8Pv5EfqTPLxDbXxRy+KzNNa9/Z1XidRxMs0yxrynW1fLTxY536OggA3mcAAAAAAAAAAAAAAAAAAAAAAAAAACo9fbb4eCzaym7SVWkq+e576vOoSbe3Nd1PW9yV1qjHsOV1DNJV37P6P6mt6uYmmI6etNV3fJ767vw7jDzzMc6J/PJdr3waTZN5nrvJvk1XmktdQ8R5b0u9NdH3bHqalmat996U/DY+U6VPXd2ltezajp9DCvj+Zaf3l79IRcWdt/Dp4tfUwt2m9dUn5X9/UzY0fi1eVeEXtvWm37EfLycnrSrRNa3pJIg18SevkgdK4nYp/Py5k/qDw1zxZtfDlSd/id7LwV+pr+l4vLldXo1JO06dNcq0lfoWnqbgZeGzNNOc5yd+eVa81UUb/Tse8vf0RZ7axzr1b4AHQs0AAAAAAAAAAAAAAAAAAAAAAAAAAFY6+Yko4EJRdN4mT5STb/+fqzXdXMS+TTy7x1XLl9on+0SUFwsczipLFi4L8TdNPKvJvY1fVjFVpO1ce7Tv35IxOZuOVWYXsUbwNz7ym7avfZr6PY9+8T0vXnVv8j7jUpauvmHJVv9TFyRrJb7vX+kTGvxIOJLXyv+r/T1JnEPerb15bEVR10WlKmrbrltr/sV8dZm6ffZrOlHtWvai68NIvfvTWnkdA6LwJQwcOEmnKMFFtKlpovoUXE/toVVe9wrTacW/eYd01prX7pHRDqOmV72t7KfJntEAANVUAAAAAAAAAAAAAAAAAAAAAAAAAABXOvnBRnwcptLPhuLhLmrnBP1RWOq2KlKFZba+Fba714+Oz5suHXLhnPgsZJzTjBzWXeTh2lFrubSKX1en20uTk3tyk29qqqf0Zj9QjWWs/b+V7j98UwtmPTarRvbufg13/I8t6arX+6+fgu8+Sl4J3Wyq2vvkhLuWuj33pO9nv8AfeZOf6tn2PJgxVVLXRSfpS09WRINJ3ytWu6Xg+Wj0fkiViy0ejWXW1pVXemxGg9ZLWuaqP11K2OdXhLEbhAlFyx8Nby99DtWk6TVNtc7o6KcxWJJY0MlKSxMPK2uzd6Wu62jpqOi6XbdbfdW5camH0AGqqAAAAAAAAAAAAAAAAAAAAAAAAAAAj9I4GfBxINN5oSjSllbtNVm5Wcx6AvMk18Lq93GWtfLR/dHVjl2HFx4vEjKOVrGm6u6Tk3V+TMrqkaitlzid4tC2Y/K1u0o6qtavXn8PoFhtpX5/Pvv72PTguW3PuvR7fexlRj8qdZZe48kPGw1vcvzf1sgyw63belcvlt3E6UtE3TVdrTVPZu/BkTFVSq94uu7Snd+RRiLeOE1ZjSt9I4lTvWt/Q6rw+NGcIyi04ySaa2aZynpVdr9DpPV13wmA27bw4u9Ofl6HQ9Jt5wi5kfDWWxABtM8AAAAAAAAAAAAAAAAAAAAAAAAAAHxnNekpp9I47Skv5kU7Tvswjbruttp91HSznHTi/7jj1W+Gn/m93h19PyM3qkfJ91vh/3z9llg9F5fM9kbBZIWxz2a/iybT61DDJbtU7u09nWhAxNN+UaVW9OZNxI6WrcW9a3Xe13+XmQuIk65SXfs/mtUQf5RL3RWemN78fvYvvUnGzcFhq03HMmr27TpelP5lA6Y359z2suvs9iv4Vy5vEa2V0kqt8929e82+lzMX9pfOXHyvdaAAb7LAAAAAAAAAAAAAAAAAAAAAAAAAAAZy7iZXxmPUm/589W7dp1V92lcqVI6R0jxkcHCnizvLCLk6Vul3I5b0K5S7b3nJydPTNJtt+eZy9TJ6teIxaXeHXvNlrwsRX97E6GxpffU+enjy8jY8NjxdO9a+/zOY8fx91q1e22RurTTrdNbq9dvv5Gu4vnTzLfdfoTsTiMu+q71v81+xqOM4iLeko3T5q78fl+h8md2jT5SJaTpVW7LZ7Nm/cYur0xFpyWm9eP6FW6Rjcb8ZLwtNf0LL7PZWppZkoRSdtZZSk21pyqn/qNzpn1IOV9KV0AB0TJAAAAAAAAAAAAAAAAAAAAAAAAAABT/AGi9LQhgfw1v3mLlel0sNSTbb8crVeZoOruBydJJOX5f09DJ7TG/4zh1mbi8KWWNaRebV3zvT0PnR+KlFJRrTVvd348/mc/1LLrL8Xk1MFPkxr1ZuIfafp+p6wk9KdflXkelwru752TsHh+85/Lb4liZjSDiYunaT81t6rb5kfEjeqd/n/U2+JwiZreI4Ou75OvyPlLxHmRLX8RB5Xovj5eKf7G59nOmLjLW8kee/aduvTXxIPFK4916Gx9n7rFxU46uKcXT2Tp6/NejNvp1t5q/noh5H0pXkAHTMkAAAAAAAAAAAAAAAAAAAAAAAAAAHM/avw0oYuBxKtxqUJNJXFRuXpq363savojpBOnrfLQ6xx/BYeNhvDxYqUHutV6Nap+KKdj+zPh1LNw2LxGB/gUs+H8oy7X/ALGZzOB/W3MLuHkxWvhlgwuJdVy7iUsYYfVHiYbY+FPzi4/lZIw+gOJW7wf9Uv2Ofy9K5MT2qm/UUn1YvemDFxDYPoHiH+LBXzl+x4l1VxpfFjxjp+GNu/nR4r0jlWnvU/UUj1aHjeNhHVt6W/Q2ns27axsWnlzKMG9q1br6GfC9n+A2nxE8XGp/C5OMH5xT19S18Nw8MOKhCMYxW0YpJL5I6Dg9PnBPitPdXzciLV8MMoANZUAAAAAAAAAAAAAAAAAAAAAAAAAAAAAAAAAAAAAAAAAAAAAAAAAAAAAH/9k=', '2022-08-12', 1);
INSERT INTO `beer_tasting` (`id`, `user_id`, `notes`, `price`, `rating`, `photo`, `date_sampled`, `beer_id`) VALUES (4, 3, 'Too sweet', 7, 3, 'https://encrypted-tbn0.gstatic.com/images?q=tbn:ANd9GcRCbCuvor0U6wcLHimqhUddRHtv7M5Svd1aFg&usqp=CAU', '2022-10-01', 11);
INSERT INTO `beer_tasting` (`id`, `user_id`, `notes`, `price`, `rating`, `photo`, `date_sampled`, `beer_id`) VALUES (5, 3, 'Amazing, my favorite', 5, 9, 'https://www.porchdrinking.com/wp-content/uploads/2016/12/Live-Oak-Brewing-Co-Primus.jpg', '2022-06-23', 14);
INSERT INTO `beer_tasting` (`id`, `user_id`, `notes`, `price`, `rating`, `photo`, `date_sampled`, `beer_id`) VALUES (6, 7, 'Definitely an IPA. Definite dislike', 6, 2, 'data:image/jpeg;base64,/9j/4AAQSkZJRgABAQAAAQABAAD/2wCEAAkGBxITEhUTExIVFRUXGBgWFhcWFxgYFhcWGBgXFxcYFhodHyogGBolHRcYITEhJSkrLi4uHR8zODMsNygtLisBCgoKDg0OGxAQGy0lICUtLS0tLS0tLS0tLS0tLS0tLS0tLS0tLS0tLS0tLS0tLS8tLS0tLS0tLS0tLS0tLS0tLf/AABEIARAAuQMBIgACEQEDEQH/xAAcAAABBQEBAQAAAAAAAAAAAAAFAAMEBgcCAQj/xABLEAACAQIDBAYDDAYJBAMBAAABAgMAEQQSIQUGMUETIlFhcYEykaEHFCMzQlJic7GywfBygpLC0eEVJDRTY5Oi0vFDVGSDFyVEFv/EABsBAAEFAQEAAAAAAAAAAAAAAAMAAQIEBQYH/8QAOREAAQMBBQQIBAUEAwAAAAAAAQACEQMEEiExQQVRYXETIoGRobHB8DIz0eEkQlJikhQjcvEVNIL/2gAMAwEAAhEDEQA/ANxpUqjYjEhdBqfspJJ53A4kDxrj3yvb7DQvpLm/EmulHM0MvUrqnHGL2Guffh+b7ajm35NNsfzy9tNfKeApQxjfNHrpDaA+br41BLntrnMeIpr5SuhEhjfo+2kcb9H20L98Hw9VcviDT3yldRP+kh8xvZS/pIfNPsoQMQe71V40w5inDildRkbTTnceV/sqTDMrC6kEd349lVc4pOJbytXQxA4q/q404cowrXSoNgtp2FnOYdvPz7aKxyBhdTcd1TTJylSpUkkqVKlSSSpUqVJJKlSpUkkG3gx0kSqEHpXF+YtbhqO/WgmHmmYkt0g1/wAHLbtFtfXrRXeXVoh2Zj9gpiFaC84wiNGEp3DRE8z7P4VJ6C3M+uusKulOtUU6iSw959ZqHI9vlGibih7paounROE2sp+d668MjX9L7a7y/wAqbkHKoyU+C8adu0eqmnlbtH7NeEaWpstTXjqnhcvIe31AVHlJPyzXbtTLmnxSTDQ/SNNGMjgx9lPlq4Y0pKSjvLJ86j25M8hlZS11y6jvuLHx5edV6Y0Z3Ne2IA7VYfYfworDJUHDBX2lSpUdCSpUqVJJKlSpUkkqVKlSSVf23rMvco9pNcx0xtjED3ww7Ao9l/xrxMSO2q7jiUZuSLYfhXZqLDOLV6cQO2kmTr1CanJcQLcagvih20xKcJ12plzTTYodtNPiR21ElOnXNR2WuWxI7aabEimTwunSmWWvHxQ7aabEimhPik1NvXhxApp5x20oSXL0Q3ae2Jj7zb1gihLzipOxsRaeI/4iD1sKK1QdktUpUqVWEFKlSpUkkqVKlSSSpUqVJJZptpi2MxWvB0Ua2taGMn2mo1yPlN6zUjaJ/rWK+u+yOMUyONcXb69QWh4Dj8R1P1XQWdjeibgMhoEYw8d1HWb9oiumh+k1v0jXWH9EeFdtV5tapdHWOW9C6Nk5BRMQllPWf9omhLRH57/tGi+JvY2Glj4+VDHHlWda7TWa8APOW8/VWaNKnGLR3BQpI7ek7jXjnOvd28B9vfTpi5Zm/aNOLJc27r9tu415l0Gvr51WNrr/AK3fyP1Vjoaf6R3BR2jPznt4k6+HOveh+k3rNOHz87+yvCal/VVv1u7z9Uuhp/pHcPoo7xG/FreNL3u1xo1jw4/8U1tTaK4WJpSCVXKMqgXAJC9UG3MjnVbk90aQE9CJB+llU+sFq2rBZalpp9IazhpAnznjuWfarQ2g+4KYOEzh9OG9WpsEw1s3neojKL2JN/FvwqpYrfnFP6TSf5g/2UNO9c97i36zSN++B7K0Rs0a1X/y+ypG3nSm3uWlR7DlkHURj+tb7SKdj3WxysjJGQVdG+NTgGBPFuyqDh/dF2guiyIP1P4mpH/yTtT+/X9n+dHZYmtM33/yQ3WtzhF1v8fuvoVsdbjG/rT/AHUxJtmNfSVx+rf7CawA+6NtP/uB+z/OmpfdD2ieMqH9T+dXFUhbvLvjglNmlZT3xS/7bU7FvXgW4YmMfpHL961fOM+9+Kf0ujP6p/3Uyd5JeweVwKSS+o4NpQP6E0Tfoup+w1Mr5QTeK/xiNbtUqT6mH41sXuHHPh8RMrko0oQIQAVZFBYkAkXYSLw5KKSS02lSpUklmWO/tOJ+ub7iU2vGnceP6zivrj7UjP400vGuFt//AGKn+R8yujs/ym8gjeHPVHhXVcQeiPCvWq9PVHJD1KZxJ6poS7dYC1/wtwoniW0I7vzehyKOXf7eNZlrPXngrVHJcG3Pwty7/GmSbFuqb9unA6geFSSv55UyR26cxc31/JFV2lGTTE37AQD2EdvjXVjzrx2PZ4/ZqDyqJtbF9FDIyFekWOSRFa+uRSzG3Ow1t4DSjU6TqrwxgxOAUXvaxpc7IKp7/bXDEYZDexDSEa68VT94/q99VDorcKl4LCGSPETFvigjvf0nMsqx6d93uaayHo2kt1VdI7/SdZGA9UbeztruLLZm2ekKbceO8nX6cFzVesazy8+wojE86uW7G5KYrCriGldby9EyrlvrLh41ZbjhaV794TvvU3wz2jNvjb5OGtnMZ8OspGtEFnxmHMkayOnveRo3Ct1UkMi5hpobvh1N/oCrCCVbtje5/hsU86QzyjoX6M3eCQMxVGSzRjKb3kuOWW3EGgm7G7UWKfGL0zqIdIWBTr5jMEzAjrk9GvVSxNzaoS7dx4fpvfEweTKc97F+jLqvLXKXceZpvAvicP08cTvFZSswQleqrdHZiNRZny+LUpTInvLu3Bh45zHJIzwRQysGkhYEzSRpYqgzR2DsbNY+ieFT9pbkQx9MVlmtEstixhIZ4Y8ezkZb2XNg1GUgMAzDXQgQdvY85B74lOdOjQcc0ZbJlAtqM0dvFbVzLtzH3ucRPmiKgksboyZ1UE9vWkFjxu17606SsG1vc7iigmnWdysUeKJDZLmSGUpCNF9FkjlJ53TS1Z1ROXbGJ6155CGDhrsSGEjO75u27SObn5zdtD5GJJJ4k3PiaZOFwVrQ/cV3tGExJwsptDiWGVjwSe1lJ7nFl8QveazyuZACLUky+y6VZ57kO+vv7D9BM18TAAGJOssfBZO8/JbvsflAVodOmWa7XFsZih/iIfXBEajDjU/eVLY2b6SxP/pKfuVArh9pi7aanPzx9V0VlM0m8kcw56opE1xhj1RXreFWAeqE2qj4peqfMevt7aHkHh/yNe7lap8uYA8+NQU0v48h38aoWr4hyVilkk/DreelxUTET2B9WmhHZUzLx7/4W86jPDxy6cDw/HnVdkTijLgx2Gh0/wCNeOvnUPFbGilbpCrl+jkh0YgZJUeNtCbcHvfjoONgKnqO62vd+bU7hjrVijXfSdfYcR7g7wdVXtLA5kHJC8HuHhwssSvNkmVVc5kJXo5EkXLdOZW2t/KpH/x9h+hMHSzZelE1+pmJ6PIBfJa2rcr1Z8Dwp+d8qs1i1gTZbZjYXstyBc8BqKKzads+EPJwjvMzjrpO6NwWe+hSBmPf0VI2luLhniRFeZTAJBHYrfrMZesWQhusx4cKmSbpYWRsQSXAxUnTuCwBuHMgCC3VHwrXvyotsnaUeKiSeIkpILi+hBBKkEX0III/iKHbtbfOI6eVhGkCzdFA97dIBxYkm2uhFu0j5NzaZa7fFTE9WGkSZBulgjOTPXI1LZ3JjRoC7hniO+ft2pyHc/CJ0OZSRBZ0Jc6kzySZGsbEmyjX5wriXcjCHpV6ytOhEjByWJ6aKXMoa9uugPZVoQW/GuUnQsUDqWWxZQQXUHgWHEA2PHsNV/8AlbQ7EOOAP5jqwNk6YEXxP5j2pugYM/eM/bsVHxe46hoJYZsq4YN1GGZjkxM+IUXuLX6QDXlY68xe3d1sSqYlYh0vT4mKcCM69DbFWzA24PKvAnke21uwG+WFkmbDvnhlDGPJMFGZgctgysV1OgBIvyvRzEzRxK0kjIiqOs7EKAAdLseAufbV9207dZ3BlVhkgQDrgBIIEmTjgTiYQegpPEtKzPYe6syLAs+HTTGLPPmMbWw0SKAh1OZXLy9Xh8HryoHsTc3Ft0jS4fLeFzHdlHwzqAgte4tmPEaEVr+IhRgSNQ4GoNwRbSx7PDtNNiQFiAwzAdZQRexsesOIHA+qnG36k/AMPiwOHVH7v1zM/lgYklTFibv5Ze8lk+H3ExZhcMiJIZISmZwbR5JeluVvbrNF26qbd7uL3Nc9C1owq4do5ACbtOvTxhxprd8h5HurUJB391tNfH1UJxkVr2JGt+Rsb30vpx18zSo7cqOLb/CYH78YknNkf+k7rE2DHnww8VQ9x9l4nCY2CYZcwnhjNmuDDJ0qSg8L3ABHeAa+lKxTC/Hwjl0sZ8w1h7GNbXW5YLQa9KXZjP3yhUq9MMdAVD3xjtjA3zoFHmjyf7xQirFvzF8Jh37pUPiejYfcaq6a5nbLYtLuMHwA9FsWJ00R2+aL4Q9WuyaYwJ6tPE1BjuoEU5pqUXB8POh5Omn8anyG+lqgAVUtOYRqWRXLDx7OXr1puMHKPbfU99dyDhw05muM2vPX+HLzFVxkjLxzSwvH+NeA3F7W9l66wp1NTGRQa+Q5o7geFSmqJgeFS24UAiRCqnNZhLtD3lDtaEEgxOXhtyGLUBQnclw3rNLDbtJPiEwUjFYcDBGZFXQviJ7yOdb2Bv4jgLXJE7e/dx5toYWVVYxsVE5AuqiFjJd+zMpKi/MDtojtPZWKTFHF4MxF5UEc0c2bKxXSOQFdbgWFr8B36dUbZTuBzHhr6jS6ScA8BrMTpk/EjM8QqHROmCJa0xHCSfDBCjtGXCQ7QwscjuYWgTDszXZRifkhuWUA2778KbxG7p2YYMUJ2klOJWOU+irxSXLgi5LMct7k8SDa6g0Zk3QkOBmiMobFSuJ2l4AzBgwUdi2BUG2hYmwHVHEMGMx88BxOH97w4dhKyk3M049EqOSA+IsSLtfQgtdMy9jhcBPSaF8Ma0RhJvEO4GZzlDuHIjHC7wx9FxDgIJl2qJ1Uos8pJNupkiHXU8iNfaDoSKgYIyY5Nm4bEFsvRSTzC5DSLGzRQm/HUC5PE5ieNqcwuxMXPPjIGVocK+Lkllc3V5UzXWOLtUjKS3DXibFTYtvbBlzQT4Mxxy4dTGiOD0LwkW6NsuoAHC3s0IG+0U6TrheLxEtOYYeiuiTpLj2CCcwUgxzhIGGvHGT3KvdKmzsZiIogfe/vNsX0RZmCSIzAhbnQNY37Sy66Cq6m680eGO0vfLe+ci4lLKBq9nfpD8osrHQADiDmBq64fddymKbFSh8RikaN3QHJEhWypGDqVBseV8q9lyBGGx88EWzpIDCiZI58Rmurwx2yiH5zEKvbqNQATaVC1da8yo2W3OlcfzNaMSJzB+GczgdSpup4dZpxm6BvJ95q44TEiWKOUCwkRJAOwOoYD1GoeOolkAAVRYAAADgABYAeAobjq5lt2+buUmOS0TMYoThPj4vrY/vitqrFcL/aIvrY/vitqrsNjfKdzWVbPiCrW/EV4Y3+ZKp8mVo/tcVUTV83oizYWb6K9J5xkSD2rVDrM2+2KrXb2x3E/UK7s500yNx8wp2z20NSVUDQVBwDa1NvWdSd1Arrs1y9/LnUEipLJrmsb8Pt41HkGtAtGiJTTQOv89b01NcageOttO+nRbs/58K4kHcDagDNGXD35GvcNxNcNJfTnyHnXWG9I0QDBBtHwhHcDUxqh4GpbcKAqjs1RNv4nFSY2WGLF+9o4cL05PRoQTmIJYtwW1rngLcNTUPFbbmxOyom9CfFSphlK9XM5mKk6eiCsbA201IqFvjg5JNoSMsRmjigiaeFXZDLHnY5Rl1bUBrfRB1IFE5ETaE+EXDmWPCxRNL0kPweWQ2jjiVgLJIlr2HJjbQg11bGU20KNQgdVrXl0DqkMvYkYkuJBAO7DFUC4lz275ETnjGGmEH1RnYm3H/oppj8dBFKjBtfhYVIGfW5J6hP6VM4beQ4nZWIn0WVIpkfLcASBDlZb6i4ZW7jcX0oBtKI4IbRw3SSOs2HGIRnIJJZxHKXIAu5J46XA11tUPeXFtCk3RqBHiIY4HAJOWSHLkfUC2aNXXKByJuakzZ9Gqb7fzPD2n9vVJGh1dHEQhms4YHQEHxVokx05w2CwUDkYifDxNJISS0MIjHSSHnmJuoPbfUGxqecHBszDSzYeB5DYNJ8IxLlb3kcsSF0JLFV8rDSuLjnjnxX9W6cTRxQR5nVYkjRCkiSMeAJN8tutY+NCNnwCGHaVyqSMgjAhRujsozzILggLYhQWN/StrRBYyRdnqlwLgPzlzhN4tN6GzA3QTvhulGesYcIGnNWfCS7UxapMJ4MLE4DqEj6WQodQHD6ai2oIPcKh7V3ixEfvrEq0XvfDYgQNDkOdwOjVysmbRrubC1tD2aldgbBkjjw7tjMScsaHoQ6iHVB1CuW7KL2FzyFU3A5Fx08mJDNhVx84BzfBR4ov8HJMvNcoyhjoDx461KHQ1arwGsc1mgpic8R1hJcQIBBzyglHdeawGSJ1LvHkJyWmyc6GY6iUnOhmOrnKea0HZIThP7RF9bH98VtVYrhP7RF9bH98VtVdnsf5R5+iybX8QTcsYZSp4EEHwOhrLIlIUBvSHVb9Jeq3tBrV6zbbEOTETry6QsO/pAJD7XI8qr7fpzRa/cY7x9QEbZruu5u8eX2JTWEbrUQoZGdaJA1ztE4ELVcuc16iS+lUs1ElOvCoVlOmmiLceArx66vXLUBGUctrYeNjx8R3V1hDr/GkwN+OltRb8/n2KD0jRhEFBr5DmjuAqa/CoWAqa/Cq6qOzQPD7LCYmfE5yTMsS5SBZOiBHVPO+htyIPG+g84CDByy4mPMpmGUwggRPJfNnta6njcjQAtoSbGwPxqj4vFySzF7ADMVjzMBeNWZCVHIEre+t78erYaFkfUr1C1z4bdDTxaMA2I7ZiQAYO+L6cN6jZMkjgdTn4KHtfaBmDq7El1KkgDS9iMo+aCFOW9tON+tTOJnWQMrICrcVYnXW41BBB7wakSRQyXzRvG40OUi4/AjxHkKjts9B/1JPPox+7W0KhaA0GIMiNOXBZTgQTezXMs17k8zfzpSk9HIFVQXLMwN7OzAA5tdMwGtrcSeNOLGi6gEntJv/IeQqPPiNbeVh69fVUWucPh9wlmmMPtd0CWnxYjVlvGs40CkXRcykqBa2Qm3K4q7bJ2FD0OIBfpo8ZI856uWyS2ZQNTqOIbTW2gtWcbQS5uNG+3xHP7atG4O3GBGFfgbmM8wdWKnuNmI77jW+kNoOrOpX6ZyxOU4EGcBoQJ3o9mc0Ph3Z74q4YLArCiopY5UVMzEF2CDKuYgC5t3VFx1FHoXjq58Pc95c4yStItAbAQnCf2iH62P74raqxTCf2iL62P74ra67HY/ync/RZNr+IJVR98osuIVvnx+2NjmPqkT1VeKrG+8V443HyXyk9iup/eVKNtOn0lkeNwnux9E1kddrN7u9VJaJRagUOqbhTpXGUsHLedkuzft/wCKjT+F6lNUWc+2nrBOwpssO3jwrjKFFhf13Ptrq9NTdYW+0dhFACNK5Yj+Xnr415hj1jXeXjTcaAllPA6HloRaiNyKDXyHNH9n1NfhVQwe7ABJjl48pY0kUeBXK1vFqfmwGJQaQQyDtifI37LgAftUZtnoOMCrHNseMkeKz31KgOLO4z6I25sb1mmDEUqJ0kojkQCORSbC6qLEXubEc9Bw76J7R2g8SEzJiIVPVuxLproAcjsCD2VXw2HkcNmia51Icq3GQ8GsAdYx+qe2tSw2AMDnCpMxBHCZ3jXsgHgm/rnU3AhpHbHv/W5ETiFZyU9EAKpIszKt7Fu1tTrztfnTbS617Bg5LL1GOoDFGSTQRMxZQhJ1kyqAeRPjTbYWQAZkkU5YCc0bgBpWKyLc8RGBmLcweAq5/TO0g9qo1Khe4uOvuOxcu3fTEnLhYH8CPxr1mHz0U/DGzEjSE2JuAdGvcHsqHi8E7BWsXA6B2QOqj4dikS2Pp9YEEG3jYVJtmfqISaJ1j37KibQxkY+UNb2tqOrq2vDSpew8b0M8crRyFUOYgAX66sAACRqLgkHgKg4jZ8shQhVFiVt1dbSMpsTcqxdW5nXXXiZ2x9ke+JI0nJ6J7Eslr6gGNrsTxZkHA+l6i1qbG0nXpiDO+IMxljCsMbSa7OThH3ideMeatcnui4YAsYcQoHEsIh5W6S9z2U7ht5ExIvHBiLfOZAF/azWongN08FB6GHW/G73c37RmuF8gKex1cw59mn+y13MkeQnzV2Hx1vJCML/aIvrY/vitrrFML8fF9bH98VtddRsb5TuazLZ8QSoRvTFmwk30V6T/ACyJP3aL03NEGVlPBgQfAixrVLQ4XTrh3qqDdMhZaTUzBnjUGK+Vb8bC/jz9tS8IeNefsaWvAK6QmRgpMgHh31HnPdUiThwv9vlTMy1OqME7DioxH4equW8a7NNt+TVUIy9puD0z+eVdCuIfTP55URmRQq2Q5o7gKnPwqDgKnPwoBVZ2azL3Qsc0kkkCmywQPMwtqZMvVN+wBx+0ewVVN3+jthYpVJaYuLnkA5QX9R5Hs0qybVw5G1Z846kseRTmta6REXPIGTKt+RZaH7W2NIMXgBBHmiLGKN1Fl6RiSxtc9UElw19QGPKutsNEdC2m3VrXbs2nGf8AM5bgqdSqWG9xI8R6BUvayTrPIFzKM7hVW4OVWIBCjW2nGvMLtvEwsAZpbDiokN7eR0Pca1ra+68UzPJGGyyFpAgKxL1jdhK561w2ZSBqLaigGytyFlxCLnj6JWDTdCpZMim7I0ptmZgMthfjciwJrUpvouoh7iIjEnx455j1VNwdfO+ffNStsQ42BGZcTIbC+V7MPo3uDzqrYTeTEueusBHG7Qr4g6VdN8N4YXDRwsZC4lZmAJjQCKR1sw0JJyiwOlje1hVN/o8PHdB6PIcbcLHttr6qpbPY6pSmoMdMIw/3Ks12sL+qIHDeucTtsg6QQBhwKrk5k6EcNST599ObAxL4qZYI4UVmBtmdggCLm1GU2HUW2h1C1W8UWLMRcDs8NNedXz3KsEDiZZfmwgAacZG1PdolqLbiLPZ31G5gYYnM4DxQKLA94aisO7ePj9Bo0tyjxMq+wRgGupI9pKNWR+5ip9oCk+Zq8PQvHVyrba97peGnm0eea0+ga0dWR2lV/Y8kpmi6VAh6WPgb36wvprb11utYnhvj4vrI/vitsrqNkGabsIx9FnWvMJUqVKtRVVmGPTLNKvZLJ6i7EewilhTrUreNLYmbvZbecaX9t6iYXjXE2tl20vH7j4n6LfoummOQ8lMApqXnT1MzcDQqgwKK1Q28PLhXJvz7eVOHsryqcosrlRp386ah9M/nlTtMw+mfzyqbNUOrkOaPYCp78KgYCp78KAUE5qtbXwaNMHK3+CkRuYK5o7A9+re2rFu9gIVwkKgMgCCVrEre4DMGsfQufRPfpxoFj2JaQ24AIOPEAub93XA8jT+7mGkEWf33LGGZ1CnomDopYC2eNmAB6o1tZT3V1uyQ5tBoO6cdxJIjtI7J1VG1RKK7UwEQZnDvET6RXQE2vqrArmI52vWab57ypHIMIDLNKzKpEgVYVVzY5kjy9IfosLeq1afLhJmsTiHYXBOkYDGzK2qoGF1Ki4bSxqm7O9z6DDzHESSzYiXk8pvlsLAnvC6XJ5aWrQ6Cjf6QtE74EzzzVa+6InBUlMNN0uJR2zKuCnkXqqAGzBOAAvYMKZ2fGgGZZQL6G91y+o3Fr9/4m34mbDtJiljkVpEwWIBCtfKHMYANtOKjw07RWfYjAXa49YuPspCoA43giscWjA4dnqu8Xs+PMxD9UAtfQAkWJIHZcnt5eNaD7nezGSN52XL0wQILW+DTMVcjkWLk27AvCqfsndFpR00jqIQesSSxbLY2VOZ1A4cTpc6HVtnRMsSK17hQDexIsOBI4kcL86yNt2o9C2m05nHsgiO2PBWLOwXy6PfGME49C8dRR6F46ucpZq47JB8N8fF9ZH98VttYlhvj4vrI/vittrs9jfKdzWTa8wlSpUq1VUVD3vW2JPeiN7XX92hUHpCjO+a/1kHtiX2PJ/GgsPEVyO0R+KfzHkFtWY/2m8lOpubgacpuU6GqtQYI7SodcC9d1wfzrVAI6TGmYD1z+eVONTcHpn88hRGZFDq5BHsBRB+FV/GbVXDR5yMxJCooNizHgL8hpe/2mwoQ2+TJYu+Ha5N40D5lH0nBZV8+PYBrUqVjrVheYJxjmfeZyGpVapVa0wUYf05l53DZe1SiAHwurDyND8ZvbiMDGuaOKbDR5Uyt1HVScqnPYgkdUar4nS9VTG7exs86sgWK11RYxnuDbV3I6y6cgB50E3tknJHSSO4ziwWwFz1rhVsDxIFx2611VhoVadNodAIAkZ5YeW6RoqVaoxyu+3fdRxZUDCYAJm0V5nDG/wBFFsORtc69lZft7a20J2vjGxDLzWxSPjplUDJxtrbso3saAuiM0LMqnOTGbiwNtENwD1eAGth2VaY9r4aYPhyZAACEBWxu6m+ZgpJvc668zryjU2hUpOgMvRnGgnmUhZ2uEznl7gKs+5sLnHKkbqDg5Ct7m7IV0J7TnGlv5q9hcg2vbx4fxFWWLbKYWWBIIpJbBlk9JVK3Hok6aE/K04KWAvYbi/ezYhMqSiFjnMagGUdW5RdcoAZQMxNrahuBKbX6YXyI57sp9+Ke5c6uai7aZ0w+EZXyOBOy6Di7xoh43HxbWIuftF92FtRmUCQ5gbZJeRvwV/pE3APPgdbZsv2/ipJGeV0EYXo1SNAbKIwCkYJHWKk3J7W4WKir/sRVykE3VuKqToeLEWPC1u8U1ey07VRuu0yO7DyxxBz4HJNeWPkK0vQvHU7g8Y1zFJ6YAKtydSLg9zaG47iRpwax1csaL6NS48QfeK0Lwc2Qg+G+Pi+tj++K22sSw3x8X1sf3xW211uxvlO5rLteYSpUqVayqKk77fHx98f2Mf40Di4ije/J+Hi+rb7woJHxFcptMfindnkFsWX5Q96qdTcg0PhTlcScDVaoEZqhXrhq7Nck1mqyuKiySlOkcDMVUsFva5C3Avyv21Kqv714ro8NiCOLARjt+Esht4Ak+VWKDC91wZmB3mEKu662feSrGK3kmxOR2ayKwYRpoAOBDG+Zrg8zbuFSpFAUaacMy/wI05aefMVVcA/pAaAj2gfn1VYsNMHQEsADlVr30vwOgPA+HG19a7dtFlJt2mIA0Cwg4uMnEqxbF3hwawpGztGV9LOpC57ksbrcda5FyRytR/aO6mHfYwxx6Rp/eiYkHOcvS9Er6KNLXNrdlZTnyyjNoG6rcDbv1twPfet4VL7vIp57PhBvw1gSpNYBKZzpAQf3Nd3cPisBFOxlVmeQkK/VBWRkFgQRwHHnrVixG4cJzlJpEZwQxIiYHS3WBS55cCL2F6b9yyPJs4LY9WTEDXule3r41n/uOSJ77QQl83REzi94ymTQm2gbPk10+V3gV3UKEtaaYM/tB7z674U7z+sQ7LiVJ2xBJhy2Fk6P3wARA6sUzAg5HVTc3b0OJIOfW1zV6b3N9nm5KSlzclzPNmueJtmsLniALd1DN7cEk22MEhtmAVjoL5UaWYa8h8ER520vrfzMuYJfrEFgOdgQCfWRTWSyU6Lql0ZnnpMePsySqtVzg2Tp6x6L5m2w0k80UJb4tlWQAWGdfjABfgCrDs076kYzeGR7w4Q5EuM03BjYWIT5o09LTgbWFWHbezhFtbEqFsM+cHkRMFlZrfpMwv8ARqRtDdZZkZktFLl6zfJdgAbOOQOnWGvbe1qemxtFtzTT7qRJf1kDwUl1WdZHzZT0jZixUqyiTKTcHKSrrxJvYaE3MbA2jNLHIs+UyxuUJUWzCws1u/XUWBFqr+ws8E0uHkWzZQ5UnUOg+EPfeNyB3KDrYUT2VEY8QwtbMhicjgWgI6JvOOQjxQ1V2nQa+gXxiMjrE49manZ3EPA35ojhvj4vrY/viturEcL8fF9bH98Vt1S2N8p3NNa8wlSpUq1VUVE36f8ArMQ/wif9dBouIqZv9PbHxr/49/XI38KgwHUVy+02/iCeXkFrWU/2giVePwNeZq5kbQ1WqDBHaolNGui1NFqy4VpJjVP3zwMszRLGVsGZirEgEhVAN7HgCw86trGqnvVHJI7InzVvqBcEnNx/RXyvWpshpNpbwnyVS2/KVKfCvDPkkXKeNtLEHgRbiKJ7ExWUZdbgjUGxAF7jhqOdtL2tzrzb8qEQRq4ZoksWB6uY20B5gW4+FDoJDcsvHjbu5113xDFY2RVs3c3cOLYuXyRxnK5HptIqqzdGPkg5gbm1r6DWw1yMf/QIP/AjHn0Cisv3D2jkmMbGyzWCC40mQFrG3Alb8fmqK0+I32AhOn9QRz5QqxHsqLJkp3ZBEtwFtgxf+9nv/nPeh2J90zZ6xs8ZllsM2VYXQkEXB+ECix7b0S3O/sjfWT+vpGv7aw1FCpHJmspjUMbAgoFJBJ5AE69oNCq1XU2At95ItKiKhdOi0zcyc4zaDY57Zhh8oVcxWNXZDGouASQBJ1rC5dtALCjE0kv9MIRDMUEJhMmRuhGYNMzZrZSSyRr3HxNQvcnwtoppTkJZ0QMg0ZEiVl8bNK4v3GmMR7q+HXENB73mOV3UyXQLljZleQa3ygIzeFKzuJotc84nHvxA7sOSHUgPIaMB7+6838wYXGxy3ALw6X4fAydc+qdR5VHwjX619LFVHnxPfp6qsPugwfBwy6dSUK1/mSqUt5ydCfKqftTaQgieWy3AOUHgX+SCe9rX7gTypqw6ynTPVVK3i2wPf3SXuIZVjLX5KSklxltoWk1HL1UWhGWZbm/C5/Rzw28SSzd9qoGPRgAhNyQXZtRckkluR1NzVwOLDFCOOQv5gRMPPNPf/mpVKQdTLBqCO/BRa4h0lHsL8fF9bH98Vt1YhhD8PF9bH98Vt9UtjGaRPFFtfxBKlSpVrKosj90Rn/pIMFJCwopsR2ux+8KYws3WGh86a33wjy43FOhQ2KKc1gQFjUWVuA1vofXQ3d3DliDnQG+qFut6gDWRa7K577y0KFVoYBKtXS1zJMLGk+Dk0yMtzcG7q3hlB4aUxJsnE24MR3NVCpSEYmFYD1HOIHbXBmFPQ7vufSeRT5+y17+ypP8A/OJreeX9hjr5VlmkwGJVnpUPMwqhb3Y5TPNHYlsircWtqt+2/wAutKO7ScsRJ5xt7dRWS70RdFj50LZgCmpBF7oh4G5Famx2M6ckH8vqFTttSaYHH6oQ97dhH2cqUcxBuK7lIva9weBqOq9YC9tePZ410qy0b98MFzhiGTI63JIV1cFSO7jWobN3gnmwEcCNCIXgEPxL9IqZejKFuly5wARmy2uOFZNiesoVeFxc2F7gEAXBNwbk8asG7G0zDIsLXCyC6k8pASCBp8oD127aE6YkIoAJxWh4/eHFYLDOYmhyZybPEzEdI4zWYOAPSJ1B1qiYV8toyLKNU+Uexl/Pzu6rBtHFZ4HXQHjY8DlOnkdKS7ExWKRGAhUqAoYu+ZShKklcmp0IOtjVOs52A8EWm7o3Xgm9jb243BRrhsOmH6LO2VnjdnBkck3IkANibDTgBUDCKsCu0kYY5bXJ62UjrG9jctcnvv30+uKlwsrAgBwCjKdQSRcEHiRwIOnLTlRRsK8rJKOjcKBkjUk+itgXsLJwvYkW59gFVqVSAJ8NE9akGGW5HJSIN48XicJEk7RZGClssTZ7ROGQ5i5BYlFN8vbpVI3y2n0k6wg9WJWkcD+8yGy+CqbfrGi8e0xFhi9h1EBtyzkHqr4kqKpKK4dTqZHZSb8STqc3jcnlz0rQbJMlBMAQFDLdVm5mrds9hlwxvxgI7dbYRfwNVXa5AsBfQAa3vYKuXNpbMRxsSKs+He0EJJtaJR6kiY/cok5KAEKybJe74c9rRH1la3evn/dlrrgz3QfuV9AVnbI+Bw4o9qzCVKlSrUVVYBvNhnXHYsZgJDLIwUuY3KMSyEXIDDKRzqPujgJJpihmSK3941rnsX5x863HbO72GxVjNEGZfRfg621FmGvHWoE+6qng6N9dEsh9Yy/ZQwwAyiF5IgqBsvcyNU68zljxKBQvldT+NOPuPhz/APoxI8HQfYgp6Pd10JyRQDtKSSRE+Sr+Ne/0bOvBcR+riiw9UjVPPNQxUM7jxfJxeKH60Z+1KafcOPiMbigfGE+v4OiXRYof92PPCN9oJrxo8T87F/sYQ/YlQ6OnuClffvQqbcVSAPfs4txNoyT6xYequINx4o8zZ/fBPyZ40/0soFj5W8ONE2gxR/6mL/y8J+KV57xxZ/6mM9WBH2pUmta3IJi5xzKru0NxcHMCUiyMOKgkEHvF6o21t2FhaxjBHfrWuLszE5g/9YLAWHSPh8uvIhALigu9O7u0px8GIfC6g+24qSiszgiiGnRJbstp2cL0WwiQXB97wXHAmKMka30JHbrTMu4e3AdMNG3/ALI/94qTgNz9sAjpMGoHMrKpPqzUk6NQ4hX0aGFgRY3hjNx2Hq8KKYVo1tlghHPSJBrxvwrrZ26rADpExCnuVCPY1F49gIP+4/y6YtBzCaShGKWJ2LvBA7EAFmiQkgcBcjgKjSTogIWGFe20SD8KsbbCTtn/AMqoOK3cB4e+D/6v50ro3J5OUqnYtoyuQwQZOOXoY8t+22WhM0UP9zCLCwtGgsLWtw7NKtWN3UxB9CKU+KqP3qFS7l7RPo4d/XEPtenhJCMLsZJmsIo9efRp/Crzs7czDKgaZcw4WPDUZbADjppbyqHsjdrbEPoQ4cfWsCf9Bq87sYDEBekxvR9NmOVU9CNOAtqbsdST2EDtuklE2VujhwySGBY1Qho0AsbjVS/ZY6hfC/ZVtpUqUJl//9k=', '2022-11-30', 6);
INSERT INTO `beer_tasting` (`id`, `user_id`, `notes`, `price`, `rating`, `photo`, `date_sampled`, `beer_id`) VALUES (7, 5, 'Hazey, like my opinion of this beer', 12, 3, 'data:image/jpeg;base64,/9j/4AAQSkZJRgABAQAAAQABAAD/2wCEAAkGBxASEhUQEBISFhUVFRUSFRUYFhYWGBcYFRYWFxUWFxUYHSggGBslGxUVITEiJSkrLjAuFx8zODMtNygtLisBCgoKDg0OGhAQGi0fHyAtKy0tLS0tLS0tKy0tLS0tLS0rLS0tLS0tLS0tLS0tLS0tLS0tLS0tLS0tLS03LS0tLf/AABEIAOEA4QMBIgACEQEDEQH/xAAbAAABBQEBAAAAAAAAAAAAAAAFAAIDBAYBB//EAEEQAAIBAwMBBgMFBgMGBwAAAAECAwAEEQUSITEGEyJBUWFxgZEUMlKhwUKSsdHh8BUjUwczQ2JyoiRFc4LC0vH/xAAaAQACAwEBAAAAAAAAAAAAAAABAgADBAUG/8QAMxEAAQQABQEHAwIHAQEAAAAAAQACAxEEEiExQVEFEyJhcYGRocHwFDIjQmKx0eHxgiT/2gAMAwEAAhEDEQA/APJaeKbR3R9HaTxAflmiBaW0GAroQ+h+leh2XZ3P3h+QFFYOzCelOGpc4XlQhb8J+hp62kh5CN9DXq0nZEn7vHzqa27Myrx1Hx/pRDEmcLyE27/hb6GuGJvwn6V7BcdkiRx1oZL2SlHnQMZTCQLy1lqMivSLrss+05/hWH1XT2iPiGP4Ujm0nDgUJYU3FSOKZQTJCpBUYqUVFE000081wigouCnCuYroqKLtKliu1FEjTTXa4aiC5TadTTRUTDTDTzTDTILlNNPxXMVCimYpU7FKgoiFej9jnAiHwFeb1v8AsxJiMfAVkxk5hZYV0EYkNFbBZvSpkuWFCo5qnSWuQe03nla/0reiMR37Cpv8Tb0oOJa73lQdpydVP0jOiJ/4k1dGo+tDO8qNpKdvaknVKcIw8K5cXwNYHt5tK5A9P41rJJKx/bI5Q/L+Na4ce+R4aVU/DNa2wsNJTKkkqImumsqQqUVEKmFRFcNcpxptBRKu0hSqKLtcrtI1FFykaVcqKLlNNONRtTBBcNNpE1yigu0q5XDURXaVcpVFERArcaCcIPlWKUcitnpHCCuT2ofAB5rdgRbijkbVYRqpRGrKGvNuC6tKyrU7fUKmug1XSlKffTS1MzXDVjbSUo5DWY7UjKGtJIaz/aFcoa34UkStPmqZW+ArByVFUsgqI16lcVdWphUK1MKii4aZTzTKCKVOFcpwqKJUqVKoouV2lXTUQUTVG1StULU4UTaVcpGoglSNKuVEUqVKlUUReEeIVstO+6KyFmuWFbGyHArjdpnYLpYAaEorFU4qK3HFTEVwi1dJPFPFMFPAoZFE6mNTxXGqwBIoJKC6yuVNG5KF6mnBrTGKISOFil5xcDk/E1XNXNQXDsPeqhr0zTYBXDdoV1akFRipRTILhptONNoKLtOpop1RRKlXaVRRdpGlSzUQUbVA1TtULUVEylXcVzFMguGm0/FcxUKKbSp2KVBRaDTEy1ay0FZrRxzWmtTXB7QNyUuxgxUaKQCp6rRGrCGuctZUqingU1aeKVKlXGp9RtTBRQuKo3oyKvSVTuelaGJHLz7XI8P8aFkVoe0Ns5bwqx58gTQf7BN/pSfumvQYezGNFxpqDyqy1IKsLps56RSfumrCaLdHpbzfuGr8p6KnMOqH4rlE30G7HW3l/dNRnSLkdYJf3DUyu6I5gqFOFWjp0/8Aoy/uN/Ko3tJQMtG4+KkfpQoqWFFmuZrtLafQ0EUqWa6Eb0P0NdFu56K30NGkFE1RMKvf4dOeRFJ+638qhks5R1jcfFTRAKlqrSxUvcN+Fvoa4UI6g0yW0zFNIqQ0w0EU3FKu0qii0ujmtJbtWW0lua0du1cDHD+IV2sKf4YRWI1ZRqoxNVlGrlOWsBXVanK1V1apM0uZRSlqYTUe6uM1OHWlpdlND7mSp5ZKqM4zk9B5ep8h/fpWmEGRwa3lI7QIbLpXeSD/AMTHExA8BDE+x46cVOukRg4N6pPoFkB/gaJaDBbSuZXbAQ95IxB3EEkYGOuTx6c0X1OI3XeXUW1IolEajOGIHIwADzz0zjpXru7hw7mxOuq8TuATVAdb+g1XGZE+dxINevrXTlC7PsxI6GWO6yi5y2yQ9OuPDk0620F5f93qCMT0AWQ//GiHZTUbgyJaxyrt3SZDKH4ALEg8HnHrU9nayC7eOLgxyOzbM+FS55A6+fT5U7W5ZZI5CBQzNNna68V7FZZGEac2RsOFEP8AZ/eed0vQnlXHA+IoLNo2P/MYf+7/AOtbtNUll3IjgnaFLMxyqnk8AccAZPlzQbU7mdISENq6Y2nKYxkHGBgHoDzjFB2Zr8lAnTmvsfb3VkWHdI3MFmU0GRm2rexE+gDk8+wFVLjR38SrdwyMA3gBOTgHIxnk1prHWbpLd0iRSFO0zY5UMcZOOCeuMnyFQavpEQhtrmAYBIVypOd+CNx+LAg+5FK9+WQseKBcWtIIOtX4q2sbBWw4Ql7Gu/mroN/zyXksSkkADn0rWaXpzsuBtz6YJqS90QxTd4cEOoc7fLdyPIeXp6GtV2bFvEhuH+AH9KrFCMyb9AOUXwua7KRzSCQaPISFBTPTGP60TPZ+6jIBMYJ6ZX+tXNSQRstyjDLndt9OP6Ucu3aa3jlYruLLj2ycU7ZBcbv5XaHfQ1fTbdUzYcsGu6qWOi6iV8PdY/8ATP8AOhWqaVdZIcx8dcJ/WvSdNv1hi7uRxvx4Qep+FZzU5pArlCpPJORRfNRFUb8690keHzrDJ2fnfkbSPXbx/GgmuaQRG2CpK54x6Vu9O1SbuG27MKeT5+/FLtDpUbxxyxjAIw3z8zVUsxY8skFAkgEG+L19eFpiwvja1/K8Rphox2k07uJSo+6eR8+aDtRBBFqpzS00VylXKVRKjOnPhq0tu1ZK3bDCtRavkA1yMezxWupgn20hFYnq0j0Ljerkb1yHtXRCuq9Sb6qK9O31RSKnV6UklQB6jlkohqiUklCL/V3hkwoBBU7s+YJwwz8M1deSs9rHilUZx4efYbuTmujgWjvRaokJrRGrDXE710lykbk+FASdhwyDoTjgc+wohaWJmZhayKsSgYZ0JcHpsxxn1B9CKz+lWat3ZkOWkE23LFQzBkVAzjpnnHlk1Ppst0pZLbvMklnUEHGw4Ybm6emR516VwkfF3kUmVwFanw6GifXTQ89FyTO+OV2UkX8orNdXNnJGuF3qQUI+6yjO4g+XGQR5Z96msu2AguTNtyJixcYywVmyvHnjj86o6reKUtjtlZpUMy7pWk2nkFQCMnI/TirNh2ckAiErCJpW244ZyApZvgdo6c9a1vEbow3FkZ3jJp/MLvbf7BYxY1bsCrM+tCCZ7iIxyQy5bkHKlxhldfvDzwcUr7tQmxkjLszBU8ZDeAHIQBR+LJ+FDltLdoxOjNCvf9xIZD3hxhiGVsAg+HkdPpREzW7SxW9su2KRtjyjiV/CTw5GQvA48/h1pdhwJGtAc8jcnQADbMdifIb80tceMLW7Cxt/zmkEt9SmRTHHk5OHUA4Pi424Hv0PpRqz7RRR25gMUm1sqUx94+Ui5OUboSCMZHlUFzo7RyW6JIXEzyFWGMMimMoePu8Mc/8ATUfaOyjEt5Jk5Qx7BvCAd7HlsAjxHcOnvVuJEE8ghcNxnsaagga/Oh303VAmkLQSdBsqkGts0T525jygz125zxj35xzjcabpnaDAZZE3Any6Co+0EEa7Jk2bZIcMBgeNRydo9sD5VFazQ92y5HT2zmsMJbKdiA6/KiN/qteIlLmg3Z0v1WntbKJ4w4fDHkD09qFNrM6KYScgNkfLkV3QIVUo4csT1XqAP0q5pNnFI0k8zL4WYBeOlWRSNw7HOkeXgEUMuxvSllke57tflPk7SySxr3gIkTBDAEj5mpBq95LGcIACOW5/IVPFdwFdylNu05TAznyoYdbZu7UgIityvr8atOCHhEbOb1O3NCvPhSPEuAI6IdD3pbYpxk/UiitxrtyFMGwceHPOKKm4tppEZdo2sS3TyBobqOoxNvMZUkSDHTJwaadwllyOZeUX78ICR7gDrusd2qmLBQ/31PI9sVmjWl7aS7nDbCuQM+/FZkmscd5QTudVZM4OdYXKVKlTqpXc0f0qfK4rPVZsLja3tWfExd4yuVfh5e7f5LVI1TxyVUjfIyKcrVwXNXaBRFZKnjOaGK9FLMjbk0IoszqUe+go5HxVWWSu3L1Tkel7uipmT2egGtpl93OFUZHrufAotLJgZNBZLjcGx1chF+KsDXRwTCHhyy4p9NoJ9pdyrt2SurBSFxjAXOcdPhV+zvpEBQ96qtkv3ZPjPn8CeeaGdyyHa3Xap+XB/gfyoqNOnNu92sqhVYrsxzgHBOfWvQCRmUBxFOqr6nZLJHhu7DiCD/T97Purt1endC1tG4WEDZ3pTIwc4AXy48z51al1Oe6YyMVjkhx3S7wuGc8FcnxnIH99Q0OnXRtzeBxsBORnnAOCcdMZqfxbFa5idQcFZNpA56HI6eVO1rA4OaQ5zbbe7h1Gp1/v0VAiwsoysJaf6qyn3F0tBqmn3ncs146hEVmyRGo3EY8KIOWJwMn3oBBdSkpLErAoQVPhwOMEgNnPBxzT5bqN9oaSSXH3UJd/YYWrf+C6hIjShBEqgsAxCkgDPx+uKdmIfEz+M5os6WMo9ALsm+VP0eHiFyuvyYQT7nYem6hstYeFkJE5Ee/u12p4e8xuGfMHA8/Kqsl/c+Nnk2iXh/CjFjzgkkeHg44qddPuw9vG0ij7SoZTjO0HHX3wRVXVYGVniZsld6EjgHDAA4+dDvIzIXNIJI3G9AkewtW4aDCuJrM6tQCNPet1FqUcXdKyht5V1kJBwzDHiBPHQjgUJt8VrJ1V7aD0zLn8zQC4QJLx0yD+dYYZ87y03YzfQlNhnNa9wbtZVi2vGh4BZc+x5p8Eq7urA5yQSRn4itbNZxSi3lZguNuBxzx0q/daVA87MyBtseQB51Q3tOMbtNkG/Y17/ZVDE1YLG1yK4QnT9RgVSXgzJ5EfzoFcspZmYEljnaOcCi97pkSolzl0jLYdD1FGNMu7dIZJljAjAIVmHLH4VcJxEDJGHOJNbnQ7VZO/p8o99AzVjNf6th9FjY3yQE3gt0GCM00ptcADB3DPrnNbRBvNvKijaAzMQOmRWQ1OffO7D8ZP0b+lXRTmdxaBWhvXm6oq/D4i8xLWjTgKn23iKsmTnIrKGtP2tue8CEjkcVmTVEbXNYA7cLku1NrlKlSp0qt12uUqiCK6Xf48LUZ+FY4mienaiwIU+fGaxYjCZzmatuHxWUZXI+rVahmGOTRVez8bQ99vOcZ8qOdnOxtrPEHeQkn0YD5YqqPAyA8Kx+Njr/SwzyZqNzjrXrTf7ObIKWDNn/rNeM9rW7q4kgQ5CMVz+lE4B12aQGNZwh+qXufCvzqPTNvBYjCEv9CuP1oeaIC2UrCBjc5Y59PGVHy/lWoxhrK2WdrjJJryiGrSozLsIICuvyDPt/7f4Cj/AGYuU+z3SzKGjTDlT0OV5H1H51kzHh2XIPiK59cHBP0U1p7QLFpkrscGYtj352qPyJqTsb+nZHvbmAddTf8Aa9Vsn8MQG4/7/lEra/jl0yfuou72gqUDFh4ipJBPUYP5UU1QXRe1MDIY3RA8LFcMOMkq33htOOOnzrMdndSt0sbiKRgHbdx5tlQFx881f1zVbRp7J0kysWN5X9lQUK/Pg/SqThHDEva1hoOeQSC4HwaVzqdjd357YL0VXV7n7DeSraImWVQMjcULAE7Pjx9asaxeva232ZnZrif/ADJmLElVPAX4kDH1p0Oo2LajJcyP4MKUJB2lwFUn5Y4qnrNpZyd7cG+DyNllUL+6uOvTj5VtYGl8QmY6w1hcS0kudWgJrQN3PX2NjrSMWFv9pazuo2UrbwhZFz4laIcDHvWNuZy4Mhzlssf/AHNIf44rW9itHKOs8c8bxtHiRQx3AkfdK+xzzWVuk2l18lkkUD/pfcPy3UcK5gnkja7MG1WhBFlxIN8g88ilswX7j5gpzF+7aMSDAzgftZ2Y3ewxxx1xQqEM77TyScfnR+6khZAVGDDAqZH4mY7gfXgA596EaHaNLJhTgjxZosf3j3Oy0T5cpoG92x2bi1pu0AVBaxlsYYE/Q1q/tMQZmEi57rHWvJtRuHeRt7Ftp2j5cVvtGsYDbQtIuSzAE8/SsmMwQigjzuJ3Gla3qsQdZTr24intoY5JlyZBu5HrU3aDShMixRTRrEgzjI5I+dTJYW0zTQmAKIxw3TOR5VbttIhQRxrCGVgdzVm79kRaWkggk1oR4hd+oGgR3QzsdZ3CKQXVomB8+nw9qy88YWcqegkIPw3VHe3cltPIkEjKobAHUfQ1PqdkyKkjNu7wbs+/WuyzDPbI6YkU8CqFH3WjBubnLCdwQqHbGJOGRsjgY+VZU1ou0MQESEHPPP0rPVljFCrtZ5QA6hwuUqVKnVSt4pUs02oEqaa6DSpuaiK0dpczyRbVkbGOmcCqAuZ4+A7r8GI/hTNLu2QHaflUFzclsk1VyrrNLX6Fq100LN9qmHUffOBgeec1jZ5SzFmJJJJJPmT51aimxCQD196H5p2OsJHiilRDSHbfkfsxuR7ZB6fM0OJq1pU+yTnGCNpz6NSyglhATwjx/Ks2w5HuQPmQcfmal1i3MUncb2buwAc9FZhuYIPTmo4Gww5HOxkPllTW3TTbTUcyeKObA34+gbHRhx19q6cD2jUrV2hmGU/yj6Hz9qIWe7ERI13GrqGHj4IyOEYjj5Vpu8t44bydIImeO5eMblyB4sDj0zngYoV2S0xodQMTkExh+fXK4BHpwwo9ZyQw297KwjkDXMxCMRhsOQo8/PmuV2lJ/wDVQt2kegJF246eWixM/b+dFE+l21xBaztEsTySqrKnhDDLg8fBcirxtEeae1a1jSFI8o4TBzjru8/P6VndE1dri9hMzKiJnYg8KLgcAe/TmtPHK7yXy98WQJhV3ZCkoScelZcWyaA5HO2bY1d4M0gqupaOvnumaQdfzZeXxysjbkZlI6MpIP1FFLiz7uOJ925ZsuG88gMsinPmD5+dGOzfY9Z4hcTyFI+SAMZwvUlj0HFRdq7yEiOO34SJSkXq7N1IHXHv55Nepne0mhvynwJf33hGmt9K/wAnhCIUUQyyEjOQMZ6AoDnHnk/wqDQL/uJA+MjofhVmOwbZIzDCuhRG90K549Ov0NQ9n9JaVwD93PJrkZ2ML3udoPyvVbXysa57Ha2VrNR0K2uIGuYhtbG7NS6XdwLbQB3UYYGimlLGEa0fw8EfEGgV32IRH296drA7R5A+Qq18TMUxuZxAGor0XIa/ISFB2k7TFpe6iZRHkbmHU881prbWIGeFUlGAhyPlUukdmLZECSqhYgZGBQ7WOwkIcNG5QMcAD1NVv7Nwz42xAkZQdepIqyoMRRTNJ7N28rTXMp3AOxHpxQftPqSTMscI8KeEe56Vs0tobG2MW7OevxrH6XpGZA4YEctj05yBV80oijtx0AoewpasCW53SEXWyzfaOyMMaq37XSsyRWq7ZXLyPyAApwAKzBU1ijzZbfudSllcXOs8qPFKnbT6Uqe1UpyK4RRX7DSFjVfeBP3ZQjBrhBo0LEU77CKhkCndlCbXINMlHWj9np2W6Vdl0yMdaQu1tOG6UsxtOyo+6Naa6sUA8NVvsftRD6FKFhKBd0atWOnlwzKCWHCgevH5dR86J/ZKrtdtA5CgeJRz6cnnj2pXue4UzdFoyG1ViJ5B2cE+E+x/ZPnXoHY+z+zynvWAd4kwuMAb2ORn22qM+prMaJcxKXLbSO7KjPXc33cfNevlkVo9d1O2aETpKneL/ux1Jz95GXrj1HGMVfLiXsxLIgw5ToSBep2/2hJJJJGQXKv2n0C8W4e5h3Mrc5Q4ZRjBBHy8qE2XZ2VpUjkSQd4veKUCsWBwc5JAHXkk8Vp4Nfn2tDsSRwviidsOAy9Q3SVcH2Pxqhbdqvsu+AL3hVEjjYHhWCKrjP4dyjp6V2WOkAoAX+UsQJ2V6b/Z5mPMcjK/4X2kfDcnSs/FoGoRnYkcilsoQpxkDGScfs89TXofZO9aSPc7McRRk7iTzzk8qMdPLI4qhq+oPDdC5RY3jeLuhI77VjZGYuM+4I4Ayce1K2WSy06+qAJBUjWJg0xoJnUN3MnwB2s233xWBtrKZ3jGxQZDhW5z74zxnGfPHlRfWdblnK7g2xgWQheGwccISdqZA68n4DAj03U3iKtKpbulYRDIwC2clvQc+/WqMQyZsZLG5ib+624OYRB3io8Kt2hvkMYhgV1WJDncMHOR/M/Wh+jaq8IyB581Yupe871zjxIOByMhlB5+S1JbSRLCAQpDcH1Fc1zGxMEBZmvcXydT9U2Ulue0Ztbt7uVcDbtUnPrXNQu32KNzCRm2DJ4U+tW9HvbfYGGFONp/Spzau0RMgUleFH4vQ+1bcHkbGGsblA0pY5Cc1lU+zd5OLkpctkjABOAMeo+la3tFLuiZsHavIZeuRQvTNG71N8mcr5eY9s0VmumMbIi4RF59+OlaHkF1hVHdY65tJ54klJOXPCk+XvQ1Gki3KhIboa1moxs0MOMq24cD9kedC+1Wmoqo8eS3RiOc8VllxjGyiJ4BB28iOq2wQl7BlNX9lj7+Bj97r51T+ye1HrxlcIQDkDBqERj0rFJIS4kilaBYQb7H7UqM92KVJmRyhcK13ZVjaKWBVWZPSr7RTsU9gKSIzHZGMsaIN7KEAbqEX6xHnHNErXRJbxWeAbgDzg8Z9B70B16zlXCyJg+taHshq8tlCxjwQfFgjOD6jzzWlgDTTlmdmcLYs+0xjfumBBHUHyoisdDdSgmuXa4GPh7Dz/OprK7K+F/hVb28jZWMdwd1d7qgerwt3o24+6Dz8xWhVgelCNVTMvr4QAPr/OkY4h1q0NBIS03S2kUgMoPj2KRyzo3iUNng9COvWr9jpUskSuRGVZljJz4gS+wgrjqDQ1L7wGIrkpKHV14HC4GOc5olZX8sTMkq5DgSOhyOSciRGHIPTkVuifitSCN/2mtRzWvTXXkdFnljDdwj2pbWuJpFYxvGj28igE5V1xDJtHLKCwBx+EUDi09O67iUqMuWguF5TcQA0Uh6rnC9eQaI2F5BJPHNckiRG7snG4SIynu2YDjIJGaf38X2iRmd1l3bJoyE7lih2biWz4eM4wT6V022PhZFc7LfaDi0EYAeMiWTnKqkjoQOMMT0HJx+VXe2WkRyMkcMm1nk3SRh/CFVTulZM4GAOtXddv4okWSKRvEhUiDYXK53l0B4xncT06k+VCby1jNvDHHJIgf/ADpHbLSMsvhCeH7zNt6D8NIDZzbJVDq7W6SQho3MP2dApRiGClmw+0feyOSOvNArwSQuEmVhuG9DjJKZONwHRumR71qNT2GSKaTbHHF3UXdMf8zYhyCQueTwNozxUOplr0I0CglRIGzhduT4Qc9OPKuacf3cwc3Vh3JJyg8VxfWvruujHh4nhoccu9n3NfRZe8j2xBlXiSIMPYggOv1APzqlpRUnawJYtwPKr96k0cOx8AoDhepALBDz6EqTQu0dlYODznNLYddmzrRHrotGGglkbbRojl1aDvSgBTOBz70RmguIkkhZmJK5jOevwPrQqV55z3nw6e1Ery9upVQFcFMYbHpVrJ3t7oWCAKd/kJXdmTm9B8hH+yRm7vazMSR1/nUuqZt4iVBDOwG0nk/3iqfZnVGhZzMh8XIxmqup30804l2nap8Kkfma0PmbqQR8rNDgJzLqzQb9PlP1/UZY4FOCrng586o9ltUYlhL4gBnJ59a5rPf3HMi4C+nlQi3UxAhT14Nc9kLHYcsd+478/VdZmAlI/b9QrOpT7nJAAB6YqpmuwjJ5PSnlRVLmhuixSx908sKjzSp2K7QVdoBPqb+ldWaYruxxRv7BH1wKswwxY244+FQFvRA5uqzX2qTFFOzckpk3L1H0q/JpUZ6CrOm2YjbK8VYx7QVW9riN1W7T30jEB8enl9Kg0i6l2kKgYfT5UT1OxEh8VKx0zYDtOBRJY51lEZmsoKjFFMnTo3UZH9iguvRtuBJ+ValrI/jNV7nTkb73NAvaBQQyuJsrI295IvQ1bkzNt6bs4xkDjB9fhR4abGPIUK1mBQ+MDoKTMCdNFdHGXOq1WsZZI96Kv3l2sMj16c/DqK0OoW0sZhViDGIvAceIE7Syk+YHl7Vm4YFz0+hIonDbySYAaZsDgb3bA4HAJ4raC0Stk2q7030rTp91qf2bO5lWP7fKLro+62+0W3DIxEsfUNsOdw9Dgg4qsYEac3BdVSZmkilP3Uk3ByjrjqORjz4xTrFLiIMsUkygklgBkZ4DZyD5YqMaXMEKoZACwYqRkFlPBxjgj+lXYfEZXPD3ggk5eoB4PpwqH9lzAW2vkLfW1rO6K8bRKSSe87soSCoBzGw5BIB8jx6Vm7oGe6MNsc90ERQCdilAQzA+WCSM1du9euZIe5WN0JAV5MbWx0wqgtgnPXPn0oPZW08ee6eZcgA4AzgcAZ2+9CaUZHBpGbi9vdTBYHENcJMo/wDVD3AUHbCRzKA7KzqiqzKCASc54OeeB9Kj7L3RiZpCHYKhOB67lC7ueBya7e6ezjvJTIRj7x4H5D1NU1tVXIUuARgjcwyPQgGqg2M4YQ3xRr6+lrezs+YijVevmm6rK23c7Z7wHJJ6EMTgD05B+dC0HpVu5sO8HdxgAt5/Dn9KHvol0vA5+tZ36HT86Je9OEcWVvr+WjWn6oUIUnw0aTXYvxEfKsT/AIddjotI212P+GarcwONlE9oMduFuTrkXk59uK5Br8QXlznzrD91df6bUw211/pmp3bapQ4+MDZbG815MeBzz1FCZdQQ9Kz5guPwGpILG5Y9MfGrGmhomHaoaKaEehcnmn76fYWzAf5hFWhHF+KkItcuWYyOzOVLdSq7/lfipVMo6qvMljPSnpGRUq2/uPqBTGi/5h9f5VWmSyR506MnOc1GEHv/AH8q6qDyU/386iKsuferlowKnrVJF89o+f8A+1agmOMBR+QpmoHZVpJByADUDS+oNS3DH0H1qoznzVD9f0NAhFQXOpRp94NQS81COVsqcHGOfail1Dv42D5Dn8zWfutBlydgDD4gH6GmaAo2QtNhWo5CPLPwq1Bf7ehZaAPY3C/8N/pmmiSYfsv+61W2V0WdpVoQVu7fWohx3kg455PBwcn35xVmLWY8A/aG3efHn5c/H+NedC9YdQfzp3+IsOhNJkCb9fF5/C9EOqJlf80kZGTjHQg/p+VOl1qLGDK/7OPPHTd1Hxrzz/FG9/rXPt59D/fyqZAmPaMfn8LZ3erp91ZGK8cH28se1D5b8HoCfl+tZz7RK33Vb6Gpo7S5f/ht8+P4mnBIRPa2lNH0Wj02Vt4kI4GcD1yMfrRM6i2fuihelpcAYlC8dMdfyGKIrGPQ5/v2pCL3XNkmdK7M5Sm8Y9FpxuJP7FcXPQDH0qUQk+R/KpQSKN0kI61Hsf1q/HbeRzSe3A9fp/Wjl0tBBmjweTXVXPriiLwjz/T9K79nB/bH5/yoEJ6Qlx8aaNtWbu0YcqQfkf1qqYD5t+RqGlUVzA9KVP7j/mH/AHfypUNELRO3/a+X6VyLqKVKqE6c3U100qVFqKrtXYvOlSqxqUp0tUm60qVMlUsHnUp6/OlSqJguetVpK5SpgkKjuKgrtKnVTd05P5071rlKgmcpbXpViOu0qUp41PT1rlKgrWrqVbPQUqVRMVahqV+grlKn4ScqCToaqXHSlSqvhWKs/T5VH+0fhSpUFU7dNpUqVRKv/9k=', '2022-05-30', 8);
INSERT INTO `beer_tasting` (`id`, `user_id`, `notes`, `price`, `rating`, `photo`, `date_sampled`, `beer_id`) VALUES (8, 6, 'Kinda ok', 13, 4, 'data:image/jpeg;base64,/9j/4AAQSkZJRgABAQAAAQABAAD/2wCEAAoHCBUWFRgVFhYYGBgaHBgZGBwaGhwaGhkYGBgaGhgYGBgcIS4lHB4rIRgYJjgmKy8xNTU1GiQ7QDs0Py40NTEBDAwMEA8QHxISHzQrJCs0NDQ0MTQ0NDQ0NDQ0NTQ0MTQ0NDQ0NDQ0NDQ2NDY0NDQ0NDQ0NDQ0NDQ0NDQ0NDQ0NP/AABEIAMIBAwMBIgACEQEDEQH/xAAcAAABBQEBAQAAAAAAAAAAAAAEAAIDBQYBBwj/xABBEAACAQIEAwYEBAQCCgMBAAABAgADEQQSITEFQVEGEyJhcYEykaGxQsHR8BRSYnIHIxUzc4KSorLC0uEkU/EW/8QAGgEAAwEBAQEAAAAAAAAAAAAAAAECAwQFBv/EAC0RAAICAgEDAwMDBAMAAAAAAAABAhEDEiExQVEEE6EUIoEFMmFSkbHhFSNC/9oADAMBAAIRAxEAPwC/KTpWTZZzJPoNj5XUhyzlpNknCsLFqRZZy0ltOZYWGpEVitJcs5kjsWpFFaS5YisLFRFactJcsWWOwoitFlkuWLLCwoiyxWkmWLLCwojtO5Y/LFlhYUR5Z20fliywsKGWnbR9orQsNRlogJJliCxWPUYFl7gcEEplyPGRceQ5WlQi6ial18FvKcHrsjUVFdz1/wBKwqU3KXaqPLqPGnfFKjnTMUI6mxAPztNT/DmYPtBSajjO8ykgOr/I3InoGBxaVUWohurC46+YPmNpPpJawpG36vjUsqnXahgw5nP4cwwzlp17s8n24gvdGd7swoAx2S8NxrEB92YobkihuP2Qe0WSTlJzLFsTqQFJzLJ8sWWPYNQcpOZYSVjSkNhOLB8s5lhBSNKR7E6shyxZJLliyx2GpDaLJJskWSGwasgyRZZPknckNg1YPliywjJFkhsGrILThWEBJ3u4bD0YNaLLCDTnO7hsGjIMsWWT93EacNhasgyzoWS5YskewtWMUTSI9xfqBM8Flng6xy5eY0nD62LcU12PW/SpqM3F9+hUcd4aHzC3KYzhGOfBV+6qm1Kob3OyHkw8tLH5z1Q4UWudTzmX7ScDWou2o2M87DkcJWeznxxyxcWWCtfUThJmL4Fxh8O4w9c+DZGP4OQBP8v2m3yz2ITUlaPms2GWKVMaGM7YzuWdWUQhaxTsURVE+WcKQajxvDt+MD10h9N0b4WB9DMtmjTWwfJFkhvdRvdQ3FoCZJzLDO6nO6j3D2wTJOFIZ3c53cNw9sENOc7uFlIsse4e2CZJ3LCsk5khuPQGyTndwnLOZYbhqgfu4u6hGWcyQ2DREHdxZJPknQsew9QfJO5YRljsoi3DUE7uLuoXlE6FENw9tAfdTndQwrGlIbsnRAvdSWh4WBkmWLLFJ7KmXBayUl1RcKbiDYnDgidwdTw26SdjPInHWTR7uOe0VJdzBdp+AB1JA8XIwXsjxi//AMaqfGuiE/iUfh9R9ptselwZ5V2qw5SoHW6kG9xuCDoRN/T5WnqZ+pwLJGz0vLFllN2U7QLiUyvpVQeMbZh/Ov59JobT0Njxnj1dMgyxSfLFDYWp5BiK6hzk+G5sfKFU6zrYrfyIP6SlR/KEUKoB/EPTedDSCqNLhu1eITQkMB/ML/WXmD7dJls9MhuoNx8piMgOoa/W/wCkhc2OpHtMZQgyouS6Hq3C+OYeoCDVUNuL6WHOWdFlZsqsGAFy3LyAPMzxN3HWWGB4xWQZUqMBvYG+szli7pmqn/Uj0zF4mopuEBTXW972naPFU17xWS3pY+k88bj1Y2zHMRsdvtGV+MO7Avcgcukr27VEOSu0j1TD4yg4JVrnlc294jUW5By+WvP9J5RTxx5HSF8Nxq5warPk1zZfi8gLyXhat2UsqfFG9qcSQG1r9bQmhVVxdW9uc84fF/iUsPFoCfw+vMxz8RAe6M4XTc6352tyj04J2VnpRpxyYdmOk83TtJiF/GfcAx2I7Y4om4qZbdAP0kuE+w049z0hsEw5SDIekx3Du39dR/mIKgHMeFvLylsnbiiwBz5G2IZdD1k1kXVF6430ZdZYssq8Hx1a11DopW5BJFrdB15R1DjSXs9vVTcSuSHGPksssWWR/wAULBgBl63lHxXtdSptlUFjzIsbTJ5lHg6MfpMmR/avyaAr1kRrp/MPaYTE9sHYmwuOV5V4LtC6OwbxKxvboT0mMs8n+1HoQ/TFVyZ6VVxyLvf6Rh4gtgbHW9tegvMHi+LlvhML4VjGcuxOlNMo/uff6D6zJ58ht/xmJK6NhgOIrVGZVO5Gp6GxPpCkYst1HUAk9PaVHCVy4YW0Z7AeQY2X8z7zS06IVQo2UAD2FoLPPyZy9HhXb5IcCjg+PL7X/SHNI1STZRM5ScnbCMYwWsQLE7TDdp8IHUzb4wzJ8aPhMS4dl3wec4HFPQrLUQ6o1/UcwfUXE9uwlVaiJUQ3V1DL6ETw7GJZj6zbdge0SIj0KzBQt3Qk8j8Sfn7melfFnm5oJ8noGSKUa9ssF/8AaIotjDQ8tTjCm10VTbkL3PWJ+IqdlB85TmxnPedWiFqi2bFX5ESGq7GBioRs0f8AxRO/0hrXQNRzAxtmvpJBXvJUbTlC2goLwPG2QZXRXHIkaj9ZO/F1YWyrvfz9JVG3ON7tTsYqT5FqGVeJdFAka8RbmIIaIG5nBS85a1oWqDzxHpO0+Ji/iHuIBlAGt7zrUgLHkdocBoWJrg7G8cBpK7uNeca2cczHafQnUsrEC0HIkFPEsJOmNXmsLaDVklN2XnLjgdJq9ZKVyuY+I9FAubecqGqq20K4ZinpVFqJqV+oOhExyTerrqaY4JyW3Q13a2uKNNaNM2G3nbnc8zMFe956BxjgmIxAR1QgsoOVyFy3F/F0mP4r2dr0PjZPRSSR8wJ46m756n1mPRQSi0VuGOkHd7v6b/lCU4bUYWQO39qk/YQhOzGIO1Gt/wAD/pLT5smUl0tDP4oKtz7eZ5CWnAsQyAjfNq3rKkdl8Zn1w9YqNro36S2ocOxCDxUnX1UiNxtExzRb5a/uabCcYXItzYq6sR/SrDb2E3hqAzx1iBvYG1jcia/shxstTSlVPjVQFY28QGgueombg48meTSX7WbcN4RHK0hwjg6SS9pKdnNJVwD4tNJjeNjf3mzxBvpMrxylcECWupPY854kBn0gANtZZ8QoEEyreejB3E4pdSfuKJ1I15xQS8UPbQrDG4BW/lHznP8AQNb+UfObdsIeTE+062DFrkt56Tb6nH5OHT1HgxH/APP1eg+c7/oCt/T85sf4Yb+I+0YcOOjRP1WPyPT1HhGRHAKv9PzjhwCr1X5zVdz5fWcemelovqsf8j9rP/Blz2fqndl+cIw/CKibOg0tteaBMObbX9Ihh3J/1bH2Ml+qxvjkfs5/KKCrweoQAXB9pCvAm/nE1KYY/wAhHsZ3+HNvgufQyfrILoil6fM+6/sZ1OGMBbP9BGvwi+7n5CadKDXvkHLS2kKSi97hFJ2FwIvrIeB/TZfPwZFOFW/G3yEkGAF75mPsJsWwta/iVQOmkfTwTn8C+5WL6uPgf02TyZGnhQOpHoIQmGTnSZvoD9JpGo1FO1O3mRp7QerWqA/HSHlmAi+pi+i+Q+nmur+CkOGS91oMPnCeFAd9TGSwLpe/9wixHFqmoDg+mv1gI4g5GYG+t7+fWRPIpLoXCDjK7+D1hqlgT5zz7ti+ZmJ2CmXnZ/jr11KPTbQa1FHgv567noL+0Dx3B3xNRaSfAzXd7eEIp115nlacFNTSPZx5IqLkavscXbB0GqOWYoLm9tAbLtbkBLTEUFO//W36ybD0QiKigBVAUegFhGVj6Tq7nn2VdfBp/Kf+J/1lLj+F0mBujn/ff/ymgr+8rMUvk3tLRDPO+N8LpofAlUfUfPeVmBoqHFw49JpO0NMa+Gr+UzaGx/GPvOlRUonPs4yLTjHFHpJmp1HBXKbG1tCLiafsl2xFYinUPiPwt18jMNxY503axH4pVcAxBR1a+qMPoZyPCqs9CGbZUz3us0ouI0ywKjnLLD4paqK6G4YXEixNM2+8wNOx5t2iZUORdW52maqIb5ba9J6LxHCIhLsBe1hf7zCPUz1Gf5Tqwz4o5ska5IRgT1MUIyiKbbSMLPSqddHFw9j0Ft5066ZyfYTPVOLPTClEpDM2TZmsSCb6+km4Hg6+KQVDVVQSbAZQQb25zg9t9WzdZE+EjSYXhZf/APRHvwLK3iXwjmWAgtHs8y6PiHPpUt/0y4wfBMLbKymoeZdmOnlcy1FCcn4Aq1LDDwuyj3UGCBsAGymqt9hrf7S5qdneH3JKIv8AvW+5mG4jw6kmOulVFpBqZDZgbWQ5rAedpSimRKTRraTYQEBQ7k7Babm/0lkuKZV/ysPVJ/qVVHvmaZnE49VYd3Ueoeqo+nuY0Y+sfwVCfMgfnF07Bf8AJZ8X4ziaFM1amHp5RYWDjNqbbCAYbtHVqIHXD0rG41JJ0NjfSVHHsRUNFi6Ll0uC5J3FthIOC0nampD5FJbQC9jmI+IwldWqBS+6uS7fiNZtDSoL6ITKnjePqB6aiyhgc2VANiNvmZaJhW0vUc+4H2Eo+PYe1agBmIYnNdiQbMu/TcyYxt8v4HKTrgsqdKlcFmdv7nAH0kfaA0RRGQKrZ1u2Zrka3F/OXeHopT1U018tDKrtPVWpTCLUW+dSQdBYbxR4aHLo7C0dGQH+GHwjXINdN7kyj4zSUV6NqQU2aw0sxuN7S0XiCgLYM2VQNASNBAsZiC9Sm5Q5qdwtzbe24HpGtrE3GgKtiTmZCgU6nmeUf2dwi1AitorMBYdL6/SWCcMZmLlLk77/AHNoVhOGujK+YKFIIUW5e0mpVQ01tdWaTHlEQKoCgCwA0AkvZLF56Tr/ACOy/MB/+4yo49UuikHfWLsXRqPhcQyEB6lRwjNew8ITNpvbU+0zxcyZ3Zq9pV5JhxxyuJsWzd29VL2vSsSuQg7nRW0uPF0Ik3anE1CqUqecMyly1O5dStggKjXKzsqk9L+oua3C0cozi5RSlvwFWy5gVO4ui/IRicPpIxdKaKxGUsqgEjoSOU6kcBmcTja1ZKVVFzjK5qUEq9297hVbNpqpDAqSBcnU2EzuJ4u+bD9337G2KV6bvZzUpWsrkG3hN9Re+m821fhmGVvCiK5vqvgc9dVsZV4jh1NWVgihkzZTzGf49fM79ZQLpyef8V4q/cplq1Dn1LEksuxa68guot85UNi3KI4LAqTn1+IIPH6bGX/FsCiPdUCm7HS+7fF85VNhgCCNNSWG+YkWN7zaKdcGDaslFVmQ3Yt4ja9trCwlOhs7AeRlph6RWlbo7Af2/h+lpS4hrVPaK+DWC5Nz2M4+aL5HPgbr+E9Z6FiXBXMGFiLg6Tw1KvnNNwLtG1MZHBdOQ6ek5skO6OuDfcsO0Ku5AXMbnQbkmU3EuDthyiN8TIHYDkCSAD56T0XhOR7Vrqx5D+X26zJduHJxIOv+rS3oWbWLDJ3Qs6qNmY9jFHXinTZxmp4vxig+T/KqkK4I1RQWsRY6+sh4A9VqY7oIiAtlDks2/O0ExdByFCAuRUW9gTyN7xcFwzogV6bghj1Gl9PaTKKurX5IjkdXT/Bo078i/fKB/Qg092vDMMFDXqu9QW2L5R8ltKimtVV3NyddNAp/OMOKprfM7FjvlFzpysJi9k6Xwapprn5LF8LSLFsgtfQEk2+ZmXx2VcYLABQ1I2A01BvNBSr5vho1W9Vyj6mMxBqXv3dJL83cZvLQCEdr5E6Dxilv8X258oyliQN2A3539NYNTw1V9AHf/ZoFH/G0PpdnWbVqaj/aVC3/ACrpHr5Hd9Cu4nVpVabU+8UXttYnQ3kWDfukCIHcXJ/1empvuZo6PCAu7geVNAv/ADG5hCcPpblC5/rcn6bQ46DqT5MucU5ct4VYi3iOtv7UBhFPA1m5uR/QlgP955pkUL8Kqo8gBHZ+pPzhwGr7sz68CY6sSP7nP/SotJ6XBFU3z+yqB9Tcy3J6Rhv0isrRA4wSAbX9ST9JIihdAAPQCSqk4UA3MCqQwiNIMkYjlrGPVO0QBeJdFo7C1tfW2t5lq/aDL3KUCUVFuyg2uzNfUcx4dvMy6yFgV5Hf9Zi+McFek6vnUguEVb2NtLg305nXlaZ4lWR2PNk/61FdbPTOEcbFSlncZWA8VgSOfyNhtAcfx7xKlNTqQMzC2n9K7+5t7ybs2iGg6KCGWwYNbMrZb2NtLi/KUGOFnB6Nr7GdMUmznk2o2mAdrMQwpg63zDW+ug3vMtjOJ1aqVKdRy4RCFsbG4cAOSB4vUzUdqCuVBcauCPYH9RPPq1c2cdbX11bxgm/y5TZJNERuytw4ezXqEHkM7eepnaeOrjQsSBzIB+RMHB0f1H3MiFQi5HpJcknRtrZerxF+5LME+O1ufwjpKWrXLPmMmWu3cOuls6t53sefTT6QICZOTZrGKVUXeGYWhOfpK3DLtrDbSrNKLPhnFXouGBNri4voR0Ilr2j4kuJq96osCiLY8rXvM0BrDcN8Nj+9YlFJ2RmbcaG3EUlyRSzlNb/pGtutHux1c/WwjRimc5TUqMelKnf/AJjeaehwfDqbhC56uS33MPSpl0UBfIACZXEtQk+rM1S4Iz69xUbzrPlHyuftLHD8HcDVqVMdEXMfmf0lkzk6FmjGTzMVjUEiFOF0vxtUf1YqPktoRSo0k+Cminra5+ZjDrOAfu8VstRXgJaqTprIywjChE7kgMRInQt4hT/ewj0KDcn2GkAGCnOil1nC4ubaeu8hdteZgBO6AcwfSRtW9vWMvpElInW3uYm0uoHGqkjUxouYSmHHr6bRxdV0Onkv6zN5V0RSj5Bv4c87D7/KTdyBqfr+kaaxPwi376yNvPWLWUurodxXQe9Ychf10HygeKwiVQC9wyMHQq2Uh7cuVjCGBPKBpxbLUKZV8J8WYtqvUFVIHvE4a9Dj9XkpK/JcYZ2pozIgJC2JJGbwj8ZPxADnvMdxrilMtZnVXOpzK4ANhawVrMPPzmuV1qI6IBdlGoCsMrGx999D0mHxPBFqVXTvimQlVurHNlVCx+LQeMaTpwK3dfgxnJKCbdIpOKY8MUHfIxvYBFuNjqS1rD5ynIpJnLlmNjYhTlNxqBpr66SDH4YLVZNGyvlLC9ms4XMt9bHT5x9LgNZAarFUSz6EtmA65RYj5zqdvhItKMUtpdfkrHqZrnJlQ5rHb0206QL9/v2k2IrXJysxXS17j6XMaaZttobW28pyyl5OlJRQ+jbu6nW6EfM3gyjWTFGVSCPit9DNHwPsjWxCZ6YVrWBFwLdN95GyLjKNrkqsPtDFM0tPsLiRoUX/AI1hKdhMTa/g9M//AKlKRttHyZLW8NwZ0I6ay1xPZPErtTLW/lIP0GsCXCtTuHVkOmjC33lKVmeWnHgbYdIou+XqIpocp7Czeca7RmS/KSpQJ2mB0DLHmROEecnOEI1I09ZGzKORNvYRgNVfSSZOv10kYqnbRR5fqYyoR6n7xAFXS3xE+gkBa/O33kCnT97zhcczr6QAkc6nnIizXtCaFFm2FvXaS9wL/wAx8tpnLJFcWNRbAaaknYmT/wALbUnL5DeFP4R4iF8h+ZgxxVr5Rblc7ydpS6FUl1JQgA0AHm36SJq6j+o/SQO5J1MaXGlvrH7d/uFfgkq1mbfQDkNJGrjpEFLdTJFpjc3/AC9JcYqPCE22MGv5dI4U15m8Io4cMDqLCPZFQXFmP29pQgfvFBAv7f8AqU1egBVL3NiWsOS2IF7c5d2ub8zM3j3bvCMw0ZgLW0Bte8cf3IxzVatdy17FY9a61MxGZCwUkBWKHVScuth5H6zI9pOFV1qvUS9RAxYtSfM6aAPmXVlU2O/LnCuzXDnRqud8gyhUZG1zBhY2I0FuXnMg2KqU67VA5BFRznW982YnMPIm3zmsY8tkSjsqfQ7wbFrTr58mYBXCr5ggi5O2g9ZTcW4zVxFRrkhSWyqNlBuBrudOs9EpU0JSu606/el38a3an3hVstlIJylWW+w95592gwJp1i4XKrsxA5Kbm62OoAlyk6rsEIQ23aV9Eyotbnr5SxwYJS+m5EAQkmw3J0HnfT0h9WoKZKb2tci1r5Rf6zkzxbX2mmZNxpHKyieq/wCGwy0n9V/7hPJlxKne45metf4dsDRY8jlPQ7tMMcZKXKMscZJq0a8g21kjaC0bSbnynGcnXlOk6jhlJ2s4K2Jw5RGC1FOdCdibWKnyIP2l2segufOCdAfNrNVuQTYgkEG1wQbG/vFPbOIf4a4KrUeo3eBnJYhalhc72FopewUaJ6iDq30EibEN+HQeX6yN36fv3kRe/KQBMazEakkSJmOw1+cbe2whCU3bYW5RNpdQSshYX5xUxfRRck+8JOGQfEST0G8JVXsLAIvnvMpZkuhSiwUYUgeNgJPSojTKt/M7Rr1qaH+c/OD1sY7afCCDtIucuhX2oLqOijxtc9BtB6mPPwoMvpB1Ucz78yI5qi30X5y44V/65JcmNdzbXn13j8/hsB7yEob6DoetpOtIm2twfvNUiSMISNNY9KPM6SVUA0v8tYX3aKvivfpGAJ3ZJst/QR/dqm/iPTlJalUBbLp5Qe2vrABxct5DoI1bHnHADprGHeAD+REyXF6l6h5m5WwsD4T9T5+U1+wv9J5J2urumJqFWI8Z+/nKgrkZ5FaNtg6bEOV0IW508551xEZC6EahiNNzroR5WsflLPgnaJ0D3Aa66eosL631/SCVeOU3I72kHOuuxtyuVsd+lpsk02TXBzAVs6FHfLYZUIAsCbmxt6ixmXx5bOQ9wwPQdd78/WabG8RoMoRLIBmIFje9vhLH311mWq1r6HUcuov0MTruVFHExBAK7gkH69I7GpZzoR7+QjabZbkajSx+1wZLxLFZ2zc7LfzIUC/0kM0GUKZysx0FvXmJ63/ho16TDfRLfN55sjJ3Ivbw5RbTW5Fzvcnynpv+HJCpUKi/hp28rhj+czZL6o2T1NMvSRG/K0jL/SONucCiRN50xKoGl5PRpqbEnXe0AJ7mKOyjrFACgBLeFQTcfsQqngLfEcoGuv2vCkZjYImUdWH5RlUIPjbMfP8ASc0ssm6XH+TRRQqeQXCLmPXl846ohtd2y+QNvrBm4iR4VFh1tBXd3IO55nl8oljk+v8AsHJIMq41F0QDpBHxTtvf9+UZltbW51uOvScL622G56zWOKKIcmx/d2tfflGvW2tpqQSfznRc6kkeUetDTou585qIaBYAaH97RIrX1tbe0mSnp4Rvff8AKSpRcEeFvMwA5nI2sARziSmx2Gmup2jxRA1c38v1MVeqWsBoOnKADsyJtq3X9JCzFhc69Z0KOQ1iY6/l+sAOlTptbrOO9hGG9t9I5FvysOsAFfyjlIGvOcD2sAdPTeNP57wAQJv955P2zF8RV/uP3nrRsPn+zMD2y7M1nd6tNS6sbkLqync+HmPSXjdSImuDDUWsDrymoqcCwrsUpswZe7D5WLAZ2RQbsN7M2gNtBMyMOVzK91YDYixB6EHaWGG/hMigvXpVRlu4F6YIy5jZfFr4iNraTp2SObJilLmLaaBk4JnWo2ch0ZlCZbtlFvG2oIGu4B25SDE9mKiMVzqdXsfFqECkkWBP4gLeRl26ZsypxNQGv8d9QLAZix8JtbfoekrF/iiW/wA6k1i18xFv82qyMfhtYsmbfQEdZMpQa5TBR9QnaarwUdXAsq5/CQOhN/iy3sR1EGaWWMFVUIYLlzW05EMx08t/a0rn3mMq7HVDavuDqoJoqbAC9rC/Qam89U/w70SoP6aP/RPLqo/+On93/aJ6n/h4bLU8hSH/ACW/KQxXyvybG1vK8a2/70nSNBf6fnOMwv5xFjsmtz7R6UiSSSdBprIgbm2sIoaA769YALL6xSa8UAG4jb2mfxG5/fKKKcuDuaZBw2kuH/KKKdRmMpnVfUzr/iiiiAJw/L98o+t8Z9vvFFKAscJv7CGPuPeKKJgVfFN4MnP98oooAdXf2EY259YooAPpbfvpHv8AB8oooAQSc/8Aj9oooAR8x6xHc+0UUAAOJ4Wm6PnRWsDbMoNvS88Sr/G45C9vLXlFFNsRDBcRsf31gQiihkKiOnX3iikdhli/+qp+p+yz1XsBtX9V+xiiikR3X5NY2/76zo394opJYVgPi9pNiIooCIDFFFAZ/9k=', '2022-12-08', 9);
INSERT INTO `beer_tasting` (`id`, `user_id`, `notes`, `price`, `rating`, `photo`, `date_sampled`, `beer_id`) VALUES (9, 8, 'Hoppy, bright, juicy', 7, 7, 'data:image/jpeg;base64,/9j/4AAQSkZJRgABAQAAAQABAAD/2wCEAAoHCBYWFRgVFRUYGBgYHBgYGBocGhgaGRgcGBgZGhgaGBgcIS4lHB4rIRgYJjgmKy8xNTU1GiQ7QDs0Py40NTEBDAwMEA8QHhISHzYhJCs0NDQ0NDQ0NDQ0NDQ0NDQ0NDE0NDQ0NDQ0NDQ0NDQ0NDQ0NDQ0NDQxNTQxNDQ0NDE0NP/AABEIAOEA4QMBIgACEQEDEQH/xAAbAAABBQEBAAAAAAAAAAAAAAAEAQIDBQYAB//EAEAQAAIBAgQDBAgEAwcEAwAAAAECAAMRBBIhMQVBUSJhcYEGExQyQpGhsVLB0fAHFZIjYnKCsuHxFjNDwiRTov/EABoBAAMBAQEBAAAAAAAAAAAAAAABAgMEBQb/xAAmEQACAgICAwEAAQUBAAAAAAAAAQIRAyESMRNBUQQyFCJhgZEF/9oADAMBAAIRAxEAPwC/elaRFZcPSBgr0J1GACDHgyRqMblgA9WkyPBgscrR2ASXiZpHmiFoAS5p2aDlomeMQUtSP9ZAw07NAA0PHB4EKkcKkAD6bwqnXlUlSTo8YFsKl4hgKVZOtaKgJWkBMc7yJnhQEgeP9ZBc87PCgCS8gqicGnOYUAOwkZEnIkbCKgsaokqCRiSJCgsfadHXnQoZF6yITBwY65iAeQI0oIwkxuYwAkyCNNOcHnZ4ANKRhSSZ4uaAEGWIKcIvHK0YAhQxDDiRInUQEA1KgUXJtBavFqae84HiZLxTDBwoJOh2BtcW521ttJsBhaae6ijwA+vWZTk06RpGKa2VzceT4Udv8KOfsINV9KGXag/nTearIp0tpB6/Dkb4Zl5JfTThH4ZB/TWov/iPmj/kY0en1Qf+Jfk4/OaKvwCkeRgFX0ap8rw5y+hwj8BKX8Qr+9SHkzD7iWGG9NKL/CR4EH9IH/0yg1VzBa/BgN7N4gRqcvpLjE1+B4pTq+49zvYix+R32hymY30ewCrWBBK2B0B7LaHS3Le+k2CzeEm1sykqZJEvFvEAl2I4mNJjik71cAGCPjkpRWWADLzomWdABVwp6SQYYzQKq9JzU16TLkXRQHDd0jbD900ApDpEbDKY7FxM+cN3RDhZdtQEVKIhYUZ5sLE9mM0NTBA7Rq4Aw5BxKA0G6RBSPSaJsAZGcA3SHJBxZQlDEYGXNTCW5Sq402Sn/iIX53J+0HLVioqx22vyG0sqFCVmH4hSQXLL/Uv5mFD0ioDZl037v1nPKafs6IxZZLSHUkeBHyvFenKfEelFMC4Zf/1+YEpMb6V3911PcAZHJFUzWOeusGqETCYn0hqblrecE/n7k6Pt3wtBTPQGcDwguIUHaYxeOuN2+sPo8Yv7zr8xKUkJotA5Rww3BvNThnDqGGxmK9tVviU+BEvfR7Fe8nIajx0vb5idEJIxnE0KpJEpyFHhFOpNTMcKcnSiIiOJOpEkZB6oRHod0MUCSEiKwoqfUzpY2E6FhQ4PJFIlctWSpVkMsNZYgg61o8VYtgPKXkeQ9Y8VIocR2wGB2ElStEuI4WgAVTqgx52gqsI8VBIcSrI6qTIen6ZaCabuF+at+k2oeZD+JD//AB6el/7Qf6Hkzb4scF/cjzXPlTKe5h3/ALvIsSV+DQHeSVQRpa+TfwkDMDfkJwnYQFiLC+n2kVY393cc+QhIyA3I8IO7nUqAOnL6SkICdjcltbcuXmI1KR1Yct+++8namDax1J185Hmybc7g+PL6SiCI/Ubeckam2a50v+zIKT2a/SEvUZrWHcPHujAbSS5mz9A8xqPqbZCbcrgqPzmORCpGt+vS46T0D+GmHu9TuQeV2H6TbF/JGeT+LNWEMeJZjDR3sonXyOWitDmPWvDvZBE9lHSFhQOuJjxiYlSgJCaELAm9fOkHs5nQAxq8fcc5KvpG8zYqRPWTLkjTiapPSdpMvpSekyHrJweHJC4s2i+lXdJk9KV6TI0sDUZc4Q5RB2a3KNTiNxkjeJ6Tp0k6ekqdZ5jV4iF3hFHEggEk6xc0KmenJx+mfiky8bpn4p5or32aSqHOiAk8hKtMWz0tOL0/xiZ/05xyvQQIwJz/APowP3ma9mxFv+23kR+sHxBa2V1IPQ7iZZHFxdMuCkpK0V3rmXMFN8w7Vx4wUHXXx7txJmUi5tsBz6xMQy5QR/yDOE7QPEkdOQt+shsWOUafp0EnSpc7Xv8Av7SM1Al7Cxub+e0pCYxHABQjUHz6g+MGCZja/n3RlSpdieZM4tYb+UqiB1WkLhV8SYlsrWvfp5yBHIvJEFyCf2YwJ0YFPP8AMz0r+FSXNdv7tMfV9vkJ5sy6nKNyBbxF5uvQzibUUcZRrl162zfrNcW5GeTo9SyxCsyy+kbdBJF9Ie6dVM57RpMsQiZ9ePj8MkHHl6GFMVouGSJ6uVa8bToY9eMp3w2PRY+rnQD+cJ1M6AaKGt6JobFQR1mf9J+HJQRyPeC6Dlzlz/1S4+CCcZb19MOWAY6WO3ynDFyvZ1yUa0ed4XH3dRlOpA97v8J6YOG0wBU9XqALLra/UzFcO4RVSqju9MqCCbbkTcniSG47Yyi/L6S8juqZMNdgOKSs597KOSroBK/G01y2qsqtya+/iJdDiCuOxmB21AmM9J8LXqOrAHs3XS1ut5EYNPsuUrXRVY6irOMj5rGxPId80A4G9KkKhdWQ21HfKBOBYhkuFYm+uwsJq8NUBw6YbOQy2zA9RLlGtpmcUvgBlkqMw2YjzjnoldxOUTOy6CUx9QfET5mQ4yvmGZr379dgZyrI8anZ8NR5RXQ+ysxNddC3S3n+zIkwtVrAI1jrrp55fet32k3rUpqKzDM5uEG1rW7Xd4jXYDmRV4niNR9Gfs8lXRR/lG/idZUYL2YZMzTpBVfBVAAwKBtCVLBSPHMRBhQZj26lJelnRj4WziV4ax6yF1OukpRRj5ZWHVsE4IyMj36Mlx5BzEXA1feyeRJH1tb6ytP70iI5HukjwNpVIrnL6GVFdT2kt1tYgeYvFWv2cu/PzkS457WZs/c4D/6tZLTxFJhZ0yH8SkkDyvcDzPhFxRUcr9hFNjofpNZwRuwfG30ExqKyantKbAONV/fdoZrOAj+zJH4rfICViVSLnJSjouUUnQC8VkcfCflJeH1CpJEsV4gb2KzSWbi6IjjtWVChuhjgx6GWr4xRqR9IntKHnvBZrB4itDnvjg7QypiqYOUsL9Iw4mmN2EfmQvEwfOes6Ee10vxrOh5kPxMCqYYWMFr02ZAobY3lkyiMoAWnJZ00UYwLgg5zLAoxv2twBDaq6SGkQRCxUC4ZGQ+9eC1qdcMSraE7S0qLzElpupEdhRXUnq5SGPy0jBhhe50MsnAGo+UYVBhYUCqxGhFxJjh1c9ns/aI6xg05wAa+HKmxEF4mLJcCWtHEW7+UD40qlLrpofnYyWgKPEcPD5Q1ZEIQBUYPoBcHtBSPfzwNuBuR2alFteVQA77AMAYaKq1XFJuw7ENSfdT6xQ/q3G9szaHWxYiDFQxZnJLXOlgNSdcwG3hKcmjCGKM9gFXg9cH/ALL9eyAw+Y0MHTA1GbLkK21YsCoUdSTylm6WGU+IIkVTFVCuRnLAG4B118TrBTH/AE6+gxw9FXCHM4JAL3KgXIuVW1zbvPKVRFmI6Ei/gektHQHckEm19wAOdrXM7H8LZ2L0SrhtSq9llPPsMb2v95cZWLJBJaKgnW8QCLlIJBBBG4NwR4iOCm17aDfu8YzEnwmIyGx1U2zL1HXxG4novoxhwKAzOLlm8CL2U/ITzVBN3wmuBh0B6A/UiHLjs0xrk6NOaGXmDfpIkJ1uLStpVLC+YgXP+0GTjLKxDWIva9uu0yk+Ts6V/aqD+K0Ga2Vyp5a/lIEWoHVXa4tIsY6VLFiVbqp28YuGQZs3rC1hYBuXnGv4kP8AlZXcRe7tYWPW9owV1zC7MNOeuvnH8UwjliwW9zuvSRugzagqehgtJA9tjv5k34voJ071PfOlaFv6awrIaSWHnLj+Wv0iDhbfsxcJFeSJWZJGtKx8Zcjhjd3zjv5Weoh45C8kSpNKRNhrG4l8OG94i/y0dRGscg8sCjWjEOH1uJfjhq/iEkThinZo/FIXmiZ/1IMY2F6TSVOHADrK2ph8p7pMotFRkpFM+FPKAcVR8lj1Gvjp+c0hSVvGk7Cja7b+RtM2y0jF8Xpn+zqAZQyZf81M5CRbuykQrh+MXEOtKsDnYhUrL7xNtBUX49ve3+8dVw+fPRDae8gOnbW9wD0IJ05XvyMpuGVvV16btcBHGa+lrGzX8BeaKmjilyhPWiwxNyQg1bMR+X6wNFGt9xpvYjyMKTDOHckAKjEO7Hspqba7m/K2puOsDxvG3d2ZkR0LHKrrsL6WYWYfOSo2dUsqi0RuQDa9xGVBzvYiFYM0KxyZDScg5DnLKx6HNtIcPhKjMVCElTY30APQk6R8WhqSkrQx8bnAFVA4GzXKuP8AMN/MGLgWDvky5Ua65QdAGFsxJ3I3v3TsS9DMQXqEqbGyqQSNDY32jEfDm4L1E7yqsO+4BvL2Q3EYvD2W3rGVeeVSGY9+lwo7z8jNdh0UU1AXLootc6d2szAp5Hf4ggvfcNqAh8CWU26XmiwxJRATf3T55ReKTCKSdI6u7aLfQv8ASCNTvbXd7/KGZblfFjIKVEdi7W1ZvvM2VQ16q2Nx8dpPSxCqznXQg9whH8nTJ/3w1jnFl3JPuwCvgKmR3Ckh2sttTYb6QDrYViK75lZSdbXt3x64x7NcZsp5je8DxFw6Lbx8hFwz6Pm2zCO60Hssfal/CnynQLsfiE6Fjo3Z4keh+caeJHp9ZXKDHhDPV4RPA80voYeIN0i+3t0ggSPFPvi4IXll9Cfbm7ontj90hFOOyR8UHkl9JPa3k+DxjBrk6QXJ3Ryr3Q4oFOV9mmRwwuILicNz5QLAYrKbHaXINxMJwO/BmtGeq0cvhKjj1sguPiH0msxOH6bTL+k6BUToX/8AVrzjyQ9noY52Y2pYsMpK6kj+7zB+0hxtBa4LLYVR7630Y7XF+Z5Hnex7WrXnBKGZ6gSxcUnNO9rB9LWvpfeUvE8VXzBKpZWQki6gMCRbe3aG+9wbmRF0gywUiqxuMqOi020CanQgswAUF+pCgL5Ssm34UjvhsTmIJa9rkAA5ep0HL5TN1eBuELqyOq+9lb3bb3vNUzCWJlYbnblJqvEKrDK1RyNrXP16+cNp8IYIHd1pq3uXDEt32Ubd8K4Zw16VZVcI6uGsw7Smyk6XGh2jsUcckZ0xQZoMTwtquJcahFyBm8EXQdTAKfC2zWZlRbhQSc1y17Ds31+0BuDETFF1CBBeyrmF7lVNwCNtNNegmtWiyhAwI5jwy6SpWiMPSHYBqP6xC1ybAEDsjvFp6C1NSuUgEWRfprIkzWEWuzGlrW7kYxF+HuQn5zQYrg6PfIcpJKAcgJAOBBUDu4APYNgSQBuZm2a8WU2GQkoPHTreavg3CnS4fUKhcAHbNAcPTyMOyGpAqM5FiNRzmi4hi6d6gz5TkXKL777TOU30ioxXso0op7NUcoGbM2U/EPCUHB3CjtrftEENp95b4eszItFQS5JYEHbW8YnBalYtnDXQ3YaB+61tI+X0XG+h9qH/ANQ+c6D+yr/f+k6VYqL+8W8bFntHzIoMeCJHeOEAJVjxIgY4NGKyQCOkYcRSYgsRjLPh+NGzSoqVbaXvA6uKI2Npz5s0Emr2eh+T8maTUqpf5NhisUiDtMPDmfKY30oxquihRYZtCd72PSRJUzHeA47FC5Xf8ragzgnlctHtQ/OoK7tg9Gg4YVadwaSZntzAIHncEm3S8sMNx6liStKvSGZtFNgyknpzQ/u8pqfEXpOWpsVJsLHUWHIg7iWCVMgSsaWHR29wnOgOgJawuo3Gum8UWTJEVbA+po4pFuVuChPMMqm3le0rODIPZq5YnTNf+jl853FXxKli7sA4vobow/u20ta0Bo8RdEKaZWvfsg3vvc7yuSsVaLfj1NiqOlNaijS1mJAIFiuUjp9oFgcRUZ6avTCKL5dGB7KMLAMdu19oFheM1EARcrLsoYE27gQQbSPF8RqZ85Yq1iNF2HcDtKtdk0WWFcjE1bk2IW2ugvl5eNpFgMOXo5UZVZXYkkA2vzHQ2tr3StTFMSWJLk2BJBOxBG1ugkyUWqJUfYoL2UZRvciw7rmJMKCsSyMKaK5cqXudbks2hvzvqZ6P6kHVDfUEg90874XhFC06lr6G9z8WYqtv6W8yJt6Va+oNjFIcSQLYqDobsTG0mPYvt2jJTiSRZwDEWnzQ3sCAp5Xk0VZA9IPTVCSA7G9trayox3Dyrl1uUTsgk3O0uqajMinQqDe/WCYsEUt/ec/eLiD2VacTWnlqqq5k7OnPe1/nEbjtf1wddGdbNYaW8JeVMBTdwjKAMmthz5GVQ4Q63qq4yC6W5nW0lRQm2Qe1Hv8AnOln2vwN8hOjoA6868bFntWfLjrxRGCKIWBIzWBPSMpOTa+zDMINxKplpt36fOPoVBlpp8QBv4TOUmpJI6MUIyhJvutBgtGVath3mLaCu9zf5TP9GTjGl2zb/wA/B5clyWl2MZ4NiGvJnMiYTyz6QgWsAhmcwFcPWcMfdXMRf+9bflv9JY45ipZe6475mOC1QMQ193Ay32uCLfUGXGFxbM5zppfS/wAabtqNtz16HzltxbBPWwuG9WmcoNbEXta19e9YLiHUZhky5xYi2gIvfL87ybFVab4KmmcBka+W9m1zDTqRmBkwa2RIlxFAU8CErkKw22JBL3FutgfvAMRgMPdEVHqB7XcFsqi2hYgW8oBgsWEqK9S7hTY31NrEAi/TeWFWolSstUYnsAg5CGFso210AvrfvmqaZDTQPh8KKWKNNCcjITa+1/8AcSDGYEXqVWAe75UUtlAA0JY3HQ85ZuinFZ0dWHqyGsb5TfQnlr+RgNXFUyalKuOyHYqRc6Mcw1GoMrROysx6KqoUIFx2kDZgp7jc/eWvBEYLlKnK6lix6toAP8tpV4lELoidhLnMxvc7X+mw74i4wrXLi7KpOXUgWIso12Fu7rEnTsbWi54YVVKdN/fzCw7xVZTfya+u80dVBfTSefV8U65q4OV9XW3I8t+lpuuEY816CVMurL2gNgw0NopK1YLWiZaxG+skU31UyGojDkBIgbHQ2MkZYLieTi4684Jj7DIqtdSQQPONWvyaKyi4I3GohYB6VhndmFuyAL90jI/sUX8TD73jlxSsMrr5xXw57JRsyqbgf7wKLPKZ0E9tP4G+k6ILBJ0SKBPYPljo4GKtNjsp+UlTCOfhMVoahJ9Iq+L6qov8QkFFicTbkElti+Du+QaABgTryErErBMVUIW+VcovsDMMk1F2d/58EpxcenVf9DsTWtoPP9IOrxt768zOt85wZcjnK2e1+fAsGNRX+/8ALHsYwLOVjzkizM2sreK0My3G4+vUTzqp75scrKxKnmDfSer1Kd5i/SLgDZjVpC5Pvr1tzXvnV+eUU+Mumc+eLatehvD+O57pVyqWHM2UsNAyHkTppDaldSgzrysDpy2N/wApi8/L5g9e8GTUcUy6KzKOl8y/0teaT/J7gzGOf1I074Ydkr2idx5X0gddCBbUHpy8ZXUeL1FIN1Nv8S/a848Ua98q/wBX6iYeCa9GizRYTkB0t+++NWkb5bixglXiN7WQAjnmGv71iUa1VzZFLnuzN87DSHil8HzTDnsDoSdOcieqLdBJ04Fim1IRPE6/nOb0WrHUshPeWI+ghGK9tA1L0mVOOxmYZV20ueWhvb52mv8ARLHlAicjZSPE2B+soKno5iFsQquAfhYaeRtLz0V4Q5cM6lETU3FrkbAec0moxjp2LHy5Pkq0beoLwOrh83dDM1t9Y1mPITnTKornw7KNe0PrI1NtjDXRjzAgT4Eg3DG8YiVK4O+8nSoV1U/pAGJHvDzEVHI7xAC09vfoJ0r/AGnunQHs1NqK8hGLxClytp4TOkHv8zIqhyC4A3E3eds5l+eCNI3GEGwkL8a6LKcLfnOZLc5m8rNFhiiwr8Xe2mkqtySdzqT3yN2F9OX1kiGZym5dnRjxqOx40tF3jGP3igzM2HqNYQiSBYRTjFRJk6yJ6IMIjoWOjN8S9EqVYlgSjndl5+IOhlWf4fPfTEC3fTN/9U3KmPV5rHPOKpMzlhhLbRjKX8Pl+Oux/wAKqPveTL6CUAdXqMOhKj7KJrS8YziDz5H7HHBBeilw/o3hk92kpI5tdz82vCvUACygAd0NepBqtQAaTNyk+2bRjGK0gVzygNaoRzk9arrvK7E1JUSJSaHe0OTZf+IVh6job5tfoZVLXsGHnIxiu+W1om77Nrh64dc3kR0M46bSp9HaxZXPev2N/wApavrIMpdiFrjQ698RhIagP75RGrEaEecBHOnWDPS/Dp3cpKz3EiZwOYjJIbnoJ0d65es6ABwMGxZ7B8o83kOIHYOvKICV6lv3tIqle+3nIAQQOfMxAnTUbeP70iejSMbCKa/KIQb9wioOZ/4vFLa2kG9D1ixiESUwBI5TJ6bQUb+ElVxe0Q6CvWRQxgwq9YypiekADDUjBWgLYmQ1MT3xiss3rwapibSsqYqxkD4qNIdlk2Lg1XGSvfFSvrYjvjSJ5Fq9a8FxLysGLMWriezdjbxmiRnKR1WoReNw9N3YIiMT4ffoJXPxPWyC/U8vKemJgwi9gWHQaA/7ypRcUrMlNN6G8Kwwo0whIzbseVz0+QEIfEr4+EZRVWF7ayYoOkzDsFeq3JT56SFlc/EB5frDjImSNMKAHp5dySPtHqqnUCFMkEq0raj5RiHZREkGdvwzogLKB473X8D9hOnRAQJ7i/4R+UeNv6Ys6TI3h0STv39506QaCiSPOnRlI47eQiDc+U6dEAj8/ODvFnSiSNoM06dAQNVkLb+U6dKQEDQOrOnSkQQLygPGNl8Z06aQ7MZ9Mr03E9t5Tp00/R0jHGC0feMJnTpzM3Q0xpnToARvIX3nToxCTp06AH//2Q==', '2017-07-26', 4);
INSERT INTO `beer_tasting` (`id`, `user_id`, `notes`, `price`, `rating`, `photo`, `date_sampled`, `beer_id`) VALUES (10, 8, 'Beach beers! Top 5 favorite IPAs', 6, 9, 'data:image/jpeg;base64,/9j/4AAQSkZJRgABAQAAAQABAAD/2wCEAAoHCBYVFRgWFRYYGBgaGBwaGhkaGhoaHBgaGhoZHBgYHBocIS4lHCErIRgZJjgmKy8xNTU1GiQ7QDs0Py40NTEBDAwMEA8QHxISHzYrJCs0NDQ0NDQ0NDQ0NDQ0MTQ0NDQ0NDQxNDQ0NDQ0NDQ0NDQ0NDQ0NDQ0NDQxNDQ0NDQ0NP/AABEIAQMAwgMBIgACEQEDEQH/xAAbAAABBQEBAAAAAAAAAAAAAAACAAEEBQYDB//EAEUQAAEDAQUECAMFBgQFBQAAAAEAAhEhAwQSMUEFUWFxBiKBkaGxwfATMtEUQpLh8SNSYnKishVUgsIWQ2PS4gckMzRT/8QAGgEAAwEBAQEAAAAAAAAAAAAAAAECAwQFBv/EACoRAAICAQQBAwQCAwEAAAAAAAABAhEDEiExQQQiUWEFExSBcZEjMqEV/9oADAMBAAIRAxEAPwCsuwVvdwqe7FW13KxNSWAnhIJwgBAJ4ThEAgAcKWFHCUIADClhRwkgAMKbCuiZMDmWpiEZCEhAAQncOo7knTv+RyAK5w/9zysfNzfopwCgsM3l/CzZ4l30U9MRwt8lyfZuFCutvl73hdr8ZdyATQFeWFE2zGHFxhPaZFEfkb2+idARy1C5kwNSQPfgjLKzJyiNOcb09l87e0+A+iQHH7MUlJdaVKSBlXdira7FU12KtrsVAFi1EELEYQA4RBMEQQISdJJMBkk6SAGhMQiTIAApijKEpgBCVr8h5hG1k5Lv9kBbBe1tZ+8f7RHigLKS7/8A2LU/wWY/vU9TbpsixD3uNuSX4aBgEYQaS59c9ym2tyu7Gkl1o6NxZ6AoBGftMxzR3k9YrlfdpWTT1bK0MfvOA/2KovPSEST8I/iJ9E0DTLK1yRWgoBwWdtukn/TH4j9FzPS0H5rI9jwfMJ0IvynsPn5N9VA2dtZlvIaHAgSQ4acxRTrL7x4DyTGc0kySAsrbsVcXYqluxVxdishloxGFzs8l0CYggiCEIggB0kkkAJJJJACSSSQAxQp5mUTGEkAZlMDtcNmutnUcWtGZET3mfBaG79EbMiXEune5zvAmEeyLIMAaM9ea0bRAC0pJEamUbeil2H3O4AeQXX/hyx3v5YlcocQ3paUGpmevHRCwfni8FnL/ANCLCsOcFr7/ALUa0ESB5lZm/wC2BvCuMUJyZitqdEWNnC89qyl/2M5msreXzaGKarOX22nVU4oSkzj0Tsg0WgI60j8MH1WhZ8rjvKzdyvOB4doKO/lP09FpQOoOKykqZonZxSRQkgCluxVvdnKlupV1cW4iANSB3rIZdXexJAktbP7zmt8yplndAf8Am2Q52g9FJ/4YLwC+0rwk/wBxRM6MQavB/wBA+qqmFoBuzm/5ix/ET/tRHZrRnb2X9X/apbdhsGvg36JW+yBFHAcwPRFCIRubP/3Z/V9E/wBks/8AMM7nLoNkHV7ewfkujNkjV/c0ZcZQBHFzZ/mLPxQm6M/zFl3keisP8JBFHHnhanZsdv3nE8g1v1ToLK9mz8XyWlm7k4/9qiXywLOqSKjNpkd4yV/YbJLKseW9keRUe+7HMF7nYnAE5ZnmUUKyhsznFa+gUm6GHSuZUi4MxOjkhcg+C42eQwhxxOOXqSVZXjbzWjKPNQX3SQqraTI71TkCSJ176TguaxgdH3nVOZgZLrtG+/AYbRz6UERFTJgVPFU92FO9VfTLEbCJdGJs145oVsHS6Ie0elrXmMPaq91+a9pIGXFZa0tKwMlbXM/snnirS3FYdvaEtxAU5qkvN5dorW3kWYOhpKpLYLfJFRiqIh6mc2W7plbfZtqX2FmTnh8iR6LDwt1cWYbKzbuY3vIk+a5NVs6ZRUUdEk6SZmZ27OWg2OJtGD+NvmFnLsVf7IbL296wlLTFy9ikrdHrVm0Qk8BZKwvL2/K8hM68POb3d5XC/qca4Zt+M/c1RAQ2uGaUCzgtnxGN3eub7Z5++7vKT+oxrhjXjv3NHLUjbNCy3xHD7x7yfNc3Wjv3j3lZv6ol0V+N8mu+1t3pxfW8FjTaHee8oS/ie8o/9X4D8T5Ns2/N4Ibe9NLXVGRWLY+MipDrYuJJzOaqP1PV0J+LXYBCk7NPXA3x5hUfSraLrK5YrMhtp8VrA6ATq7UagQra5ki1s53iewtXpQmpRUl2c7jUnE1NveGsbLjTf4LK7ZvbXggSCNDQx+9G5W+33kMBb3bxiqsperVpc3A0MbAoAMyBinCcp178qdePFri2ZuWl0WGyQAJmeAlzvwiq4dL7Zpu8tcCMbWxqDBMHcaLpdXsEMewkE0MEmk5AVNTFNRXMKp285z2EQ1s4S1gGEAiIIJoZl1MxMcFgpVKjqeG4al7WY+xu73OB05ye4VVrdm/s3tnUTvHMLkx7fiftNJDg3eRnTjuUf45x0hoNIAImtDzzpzXQluZ/a9N/FlttK0YLEMpIDQYzBMmTu0WevFmwS7MYR6DzKl7Rty6WuFRlnloKaRqoT7xFi9sAlzmtFKtzcQNM2hGfK3Kv0RiwKMb/AGQg4OnDOkdq9C+GQAJFAB3CF5/sizx2rBGb2z+ISvQ3LBqmVN2kcsB3pJ0kyDB2TGA4TauFp+9iOZ3tNI4LadDnucHlwh7DgdGRMAyOBBBWXu4u5aGkth1njeSHkOtHlx+Hia04cIisFbLobZkXVjnfM6ZO+DhaT/pDVw+bJwwv52NcCuRfgppTJBfONnfR0lA96RK5vQ5DSGc9cXOTuKAlRdlpDFyYuTEoCU0iqCxI2PUclO1ypbA0QOkN1Nq1jRpbWbiN4xYD3B5PYtAx+G2suLlXPfkdxlSbxaRa2JFZOIcl7Ph5/wDE4vpr+jiz4/Wn7mnvd4aYa5siJrzP081VXq62AY5/wxibLte+Ml3vV46zAaAsBPA4nQFy2jaS15AA6vhFR5rr/LcMqjfNIx+0nHgj7DYbdhDmA2YJzGpFQO9VPTS5MsmdSWBx0Jy1pPFaXok0i7NkZlx03x6LNf8AqFanqtOmQXc6sxjKSTSexkLlstweS4SwtBBMtxAiRHYpTbsxhkNcOtqeGaubBjBZjBkWjDUGB261rxVdehAECeev0WOLyNU1F8M2ljaxumyv2mWOzjvqq1gaCAMgZPopF6tA4GAQ7hMHOpApIgZ7lDuUl51gSeS6PIdLUY+K9UtPRa7FY02zSBGZPYCtS5UuwLIF5dEUcf7QB4lXj2DeVz45alZt5MdM6+DkklDd5SWpzmLa+xbYsaQPtFjaEYcOJtrhJGEgCXBzcnQvSLhZ4LJjYAhoEDIUyXkTr6bW0YW2bGEANiyYGgiYkg4sRrnmvZBkF5f1SXoS/k6vFW7FKUpk0rwGdoYQvRMdBQWhS6GuTi4rmUTigJSRaBcgJROKAq0UMSmBTEoZV0M6OKbGS+xg1Ae3ukjwIXPEo9fisg7/ACXR48mpV7mU42jR2l8LHY3DGMhlpiIn3qpDNosex3UhwoRmK5EHUKpvr39TAJc0giKzT5ffFcbvei62Lnh1ZkVGEVgQ6tIz7NF9Lhxwlib7X/Dy8jqSXuae7XtjWNwmmsAkN34iKNWK6ZkvfIqKRFRwV6+1oA9jcQaMJdhAOIySSSKQZETxyKpr66YLiCQTmC2eAGRrOXBSpNypmssCULRDu72WdmAXdcyQBkNK6aZqO63H3oyz05yuVtbtLSMJxyNSAZJmdAajuUFl5IbB04EUO4d+S2+3BPVW5MoNRq9v5AvzGGaV996jbLtAwvdhM/KOfEp7zaAxAjOcuyK5IAXsaXNkiHAxU1Gf5rOcnP0muHGsb1Go2BbB+MtyAaO0ySPJWjlS9CLu77O95FDax3Mb6lXVoiMVFUjnzTc5uTIkpJfDKSozNb9ns2tgNYBEUaCAI/hZ6qA3ITuVnY7NJq973cMRjuUG+WeF5HExymi8XzotxTOzA1bRyJQylKEleMzrQYKF5QYkLnKSkhnFcyU7iuZKpIpCJQuKclc3FWkUkMSgJSJQlUkMKVFtHxaM7fJSAVGvLOsx28urwEDzBW+FeqyJvY0N2JJBFHEgDsa1TLw8vbBzmOahXWzJ+UgVy/0iuWasGWDteNZ3r1IympJU6f8ARwz06fka1vVmGsY8TAFHYZGlGzJrqBHFee7ZL33nAwhgnIUHMkrZbRL2dV5iQA14n5RWkA6nWo4wFmQGC1NoXT1cMUdHMjMwRnBovUnHTFyPPxZZSloYzLq0MAewOcMyc+9Ut5Y3EQwBuoH1WhtoNQZboM4Prms/fX4XuyrnQ9ufFYYM2uVHXnjpjaOBwjcSOC6PtCGQI3/kozjjdQdgmm85KTebKGiuirMnaoPGlcW2b7oPYj7GwkTjc8nj1y3yam2pdSzL5TkfQ8VadHbBrbtYj/ptP4hi9VLvN1Y9pa6IPhuKSdMyluZWUlaf4a/94d6Sq0Z0zUMpu8VV7cs/lf2H0Vr8Jc7zcw9hadRnuOi480NcGjeD0ysy2JIlM9haSCKgweYTL5/JBxdHoxdoRKFxTuK5uKzotDOKApyUxVIoEoCiKEqkUCQhIRlASmhWOBuz0Vlt+4/D+C3VtnB/mJJd4kqR0euON4e4dVla6u0+qk9Ihie3gB5r0vGxVByffByZsnqUV0Ud6e2WNc4NaSQXzQGGRiqKR5K02Fe8bHgknBk5wzacucEEZ/UhdrkLQlrhIid2UZHQ1pyUzZeyGMLyHueHjCQ4g0oCCRnlHBetilF4tL56OOdqV9HPaV5cRDmgNgVEUkZ4ia5ikDMLCXlpD3jTGTTdotttHZT20Z121IBIBaTwIg94BrRUd+uZwYSAHjUcMhQnROLd1I2cYUnFopbW+dXBhwiIxVkfxGRRVhuYbQkmN1Z7qqzvtwtzAcxxwiJEEGTrDq61pCiXljmkaGBPPxWr24MnGNrcjWdpHVFDPh6KFebUucIOLMADyI35KwsrBwOJ0CdJBkk8lJuWzGm3YQ01tGCCadZ7QYGilPmypVFek9UsbvhY1tOq0N/CAPRMWZ0HepZcNyHGOSxoysiTw8Ul2xN9ynS/YWSPtlkf+YzseNcP8X8bdPvDepAO7z/8VmNmdGiXNfeDMEObZNd1WkSQXubV7hJoIaCTQkknSR+lf0VSSXAlfZD2jcg8FwHW1yrHas9asgrYif1+irr/ALPx1aAD59mi4PK8ZT9UeTfFl07MzJC5uClW1g5pgiFyIXkyx0ztUjgUBXdzVxLVLjRakAUJKJ9Fxe9CRVjlykbOuzrV4Y3M57gNSVwuNzfbPwsE7yflaN5K3WytnNu7MLes4/M6Kk9uQ4Lt8fxnN2+DnzZlFUuSRdboGMDGig8TqVTbYZ1yP4R6q/Lju996oNpn9qeTfVeq4pKkcCbuxrgwAgjQEd5B9EFjbENtaExJzIpPWyqOxDcrSLTDWME8D1o7x6rvszaDX2ZeYlri12GtQdN9CDROON7SXC5HKVpx9w9nMa8G0xlwMiHTIjPHJInkAmeLO0HyjKQYwngRqFIsgx1m7AIa7FpFTQkBR7CwaxoaNBFc810tp8GMU47MzV5a5jywuJEim8HIqNfW2dnGIAuMxMEmBJiVbXu7NfaFwfUES0RSAIncqva9xbaDrTLZiOPgssdptS/RrkdpOPJT3wsc5pYQSBJAjWCJGilbCYbS82E0hznx/KHFvkoDrAWTSQC40zNToBVXXRBhdeW4hVti5x0hxLWx/UVb7aBcJM3FZmvvtTkn+JObPdI7UmjifD6rNCOfW3u7vySXb/Uf6UkxEwADOe2nmnDuPckLOKgkd/mnFmd8+PokA0HOffanaCcifNLARp6eRSLeB8fUIAC8XVr/AJmjnEeqqL1sQE9V0evCiug7mnDz7BWc8UJ8oqM5R4Zlbzd32Ygss30MUAPPQlUby8/cPYWerltNuWTHWeJ7gzCR1zNJMaRrHcoN32WxwBFpi8fEkrnl4sWzVZmkZqyu5Jl2WomvhQd6s9j7Ks7Z7ycQY05TUk5Nxa0zjerG89H2PjG94GWEOABns8k12+HYN+HZkhjTAriyAFSa0yTj40Y81/QPNKXBeWFmxjQ1jQ1oyAEdvE8SndbNGvZ7Kz1ttIanwP0hV1vtoijXgdsLdUZ0zXm8Ae4VBtG3xWzhOjfJZ6224RqfMd6a6bQL3YyZP0MJ3YKNGjuz6xuHvyXDZmx3sZaMc9pxEFpaIgtOoigMARWNFAxuBxs4iO+D2Kzu+0T8IucahwbigQ0GIJFJGm9OGXd4/cbi0ta6Jge9t2cXDC8NdMRnJg0MSaFOxxdDsgWihzBNVDstpljmttXNItMJZBkw6gNGt6p8DqVLvVvEgCXRMCJqYlav07szU9d0t7Mg+9H7acAHzua7DDi5ooS/rSIOGOWhmVer09lqQ5hLXO6rgDFSAMgchvjXSFc2FoHuIcxrXwagCXAmteekquv18a1pcDI0g5mSABxMFJSU94mspKO0l0Vm1rqHscCcNQZGhVj0YtQy0tSf3WCc853/AMoUDaNpLGODTDq8QYBAIHPVUpv5syRJl0E+MIu7RDWyZ6YNoMP3gOYjyKMXppycP6/Oq8ybtt35qXd9su9n0U6Rnov2kbz+P/xSWG/xM7h4/RJFEnqbR7/RPi9/qgaU88vAKLQBB6fF79lBKLtHj9EWFDh/HzUW87SYxxYAX2gAJYwNJaDkXuMNYOLiJikqDf70+0ebvYuwYWg21qK/DDvlYwGhtHCtaNFdQuVoxljZlrG4WCSdST9573EkucdXGpQ2CRC6Q3p7rJzX4Ggx1Wy4isyX0nIUDdcysvdhbNH7M04Q4dlUV52l8R5gloyaQMUcCNZldrFrC3rts3HeCWeBa7zVOF8gpVwM9tq//wCW0c0bpDQewVKk2t4DuqwQLMAA1EkzMmhknf6LhbFgbAYyv8YPiMMdxXI2sNdhGQJNacSYoT4CTATUUgcm2R7xfRkQQaz+f6qqvV5O8xpn3cFM2qAXmNWtJ4OwjF4yoLbKM8jn7KzNERC8lXOxny3v81SWrC1xBr68VadH7VhdhcY17NQmglwWdtfHsfDX4OriEnqugumZBiKUGYOkLV3C+MfYB5Awvo6ASJkgg0nOarK212Y84Xb+q4QSONaHkrnZuzntsCwWkvD8bDEDKMJBnifyWjcdKfaIirlT4OrNkMef2VqWQQS0shwFf5XEEn70g03BWN/uwcMRfgcPv0Hf71VKy1ey2Z1MHWgsYyAQQMRxUDhMmhMazSC23aBlpitWHAQItGwIhrqOJMHrHWKGk1iW3l9LNFhWOVx7JF3uDmvx4wRU9WTikZ1Kobxs2ydaOb8RzMU9ShrGQnWDSaqR0dvTn/FYzDVmNjQcTWuIqC6SSDLc+Osk1trZvLg1tkWOBE0MaYTOTRQmhqexEV9q4oJY1N+rofbdobFgYwAYWgzQwJgCM6kRP6rL3t0vdI1Wq6QXRjnB7pLgIiaHWo9zrKxtq8l5PErVNUjI6NZwXeyUdklS7Jh3evkpA6zx8Qku2E7vA/RJAHtQK6NNMigaJ3J3RUZLnVooQITPtIBOgEnsrqlPGUNowPaWnUFp5EQUrArNjXY2d3YXx8S0c61tDFS95kg8hDQNA0JbQscTXN3giOa5bK2xjBu9qQ28WZLHNP3w2gewGhkVjTlBU17Ca94CctmCPN7DYd4e5zcBcQSZaJBAzIbnrUV1VnY2OFgY5gkTmJANJIAjcFpn2GZaYJ1njP0VXtG5vecT5cd+NxPi5afe24F9vcqxSIA4iGt7oJhQ71bBgcQ4HF1Q0RTiee/XhFSvNzdo0qvtLq7VT91vZFrGluK1t5rMk5rk1xdQawO9PZXRzjDQSVOvtmy7tEEPeRTPqnWnD6ZSmtwboqdqNGOBpI7iqtznNILTBCmOJJ91XM3ck5IspLaifszauIgOoVvdlXkECCvOG7KLvlMHQ18qqRd9oXm7ZtxtGsEjvGXai0yaPVccoSeGkdiw126cNpjs3jeWkOHiQfBTG9Nbvq5/4HfRDTEadxDQYAGpjVVgHzE+4p6KlvHTWwige6dA2POFQ7Q6XveCLNmAfvOOJ3dl5ppMTJnSi+tYInrHIevJZe72ZPsqVc9l2tu7G6TNS50yeUhae49H4AgTzj0Ku0hUUd2uhPsK0sbjGbR75LQ2OyD+4Rzj1apDdnDj+ER4FS5BRn/sP8J8PonWi/w4cP6k6m2OkapruI7UddfCo80IBHDtgpOedc+Ir3rPjkBYk+Lj2IMfH32pYp0HklYFL0m6PtvDcbKWrRSPvREdaeqRoVRXTpA+7n4d5FpIPzuaHUyEmWkfzHFyW6dkMo7P18FytLsx464Y8DLEAY3xiqOxWpdMVFU3aNm5mLE0gxUHqiat6zg1tQDqhffLMj52dj2O/tJhG7o9Z1DHPYCZLWvGHfk4HzXO06PBxk2hPNv0dCGosabIV4vNl+93CVU29o2CQ2BGZPn+q0ll0bYDV7+TRZt8cOLxUiw2HYMMhgcd7yXu7C+Y7FGyKtmRu7Xlv7Kzkn75kMHGaF55U4qvt9j2rnFzyXOJqfQbgvTHXQQuLrmCP0PmhyYKkedjYxHD370XWy2VvC3/ANl9xK5OuIz+nok2xqRl7DZxb92RviR6hTm3Bpyb4R5H0VwLqAdJnVG26xw5phqM7bbAsXg47Nh4xDh3RKjnoVdn5Ne08HGP9xWuZZc+6PVD8Opr6+kJpsVmTZ0Cu4zLzwxjygFWNz6J3ZlWWbZGriSezEVetZvlJgAyVW+xEZlzDcmgcYnyXf4dKEdoXUH3J9Ubd8AjiD6UVIlkdtjWRAPA59yLnM8cJ/uHqu5YDkRykeoQPFMiO0gc4KfAgfhjefwD6pLli5dw+iSWpDosIH70cKpimJppyXRjZzDjyM+SXIgI5FCGwd3ZKPGRkffJO1hImCd8D8kUOwPh6gg8BTzjwTOYRmCF0pu9O9EcqT6d4KWlBZH7UTRTPvE/mijkmG6FOkdiY6kEU5ITRFBSed9ffek17gGxu6O+PNA5vP0707Rz98E5A3g86H6IoAGd/n5o3gcffP6rm7OfSR3hO2D+R9CmkA7m0p77kBI3eX0XVzcswOI+iAt3e+wp6WFia+dO/wCqZ4nQ8/1+qAOj3Cdztw99ipMBAjd5+kpPj3VcwIzSJg0ySsKDDo0TiFzPuqWJOwoPFOopvr9U0jd3IXumI859EwM6xzp5J2Kg8HPxSQfE4eaSLQUyUZNDHM08UsAzgxwgjvQ2NocsQjccvEIgS0zEDe36gwls9xiB3O/Fp30SHVMkTxB8QQgc8EzJ98k7TuJCLFR2aQ4fMJ/iH+4Jg6Mh2glc2gxMAjfqOceqTHcYI3/VCYUGTXRJokx6E/mgkA9YZ6g+5Th80nsI9QjYY7mnTznwNQkXy2DPb+nqnfpII44p8EzzlVp7a+ITaJAa4xSQeCfEcjB80ZbFZjx8CgaJ19PAooAC0jhxCdrtM+efeukRw7CPEJizfHZXt6qSiOxmmDqOR9ETnTr3j6IGsnLP3onYyRRw5GhTSYbAuJSYRu7jBScwjRB3I3GdcQ3mOIDvFchZjQg9sHxSnsKEt9/ohsSQZZvntH6oHMnId30TMfGRI5Ls60PA+BRSYbnCCMwnY2RNEWOaV8/NNj0IHd9EUg3F8Pl3OSQyNw70yKQ9x2UXZ3yykksojZwBqn1SSSGO1G1MkkA7kGqSSaAcUXYt8kklUeyZdHIPO9G3MJJJoGdbVxAEE5byhsazNUklaF0NYVJmvPmhjrJJI6DsO8tw1FFwZn2pJJS/2BcDGhICkWrBEwnSTXYPoiFSGGkJJJRBnK8UyT2DpNapJKpcguAsKSSSBH//2Q==', '2018-08-10', 15);
INSERT INTO `beer_tasting` (`id`, `user_id`, `notes`, `price`, `rating`, `photo`, `date_sampled`, `beer_id`) VALUES (11, 10, 'Basic beer, American classic ', 2, 4, 'data:image/jpeg;base64,/9j/4AAQSkZJRgABAQAAAQABAAD/2wCEAAkGBxAPDxUQDxAVFRUVFQ8PDxUVDw8PDxUQFRUWFhUVFRUYHSggGBolGxUVITEhJS0rLi4uFx8zODUtNygtLisBCgoKDg0OGBAQFy0lHSAtKy0tLS0tLS0tLS0tLS0rLS0tLS0tLS0tLS0tLS0tLS0tLS0tLS0tLS0tLS0tLS0tLf/AABEIANwA5QMBIgACEQEDEQH/xAAcAAABBQEBAQAAAAAAAAAAAAACAAEDBAUGBwj/xABHEAABAwMBBAYFCAYIBwAAAAABAAIRAwQhEgUxQVEGEyJhcYEykaHB8CNCUnKSsdHhBxQzYoLxFUNEY5OiwtIkJWSUo7LD/8QAGwEAAQUBAQAAAAAAAAAAAAAAAAECAwUGBAf/xAA/EQABAwIDAwgIBAMJAAAAAAABAAIRAyEEEjEFQVEGE2GBobHB0SIyYnGR4fDxFCNCkhVS4iQzNFOCorLC0v/aAAwDAQACEQMRAD8A8lSSTrUgLgSTp4TwnJEICMJk8J0JJTJ4RAJ4SwklMAiTwklTUoSTpwE4BImAShFCeEsJJTQnhFCUITZTQkAp6dKQSTEaRwkkzAEkDgePJX9obK6poLXl5IDiAwDT3GHH2Lkq4/D0nZXug8LnuCmZh6rxmaLLKhPCm6rAc7E8xkeKjI+M+9Po4ujWkU3THv8AEBNqUX0/WEIUkcJLoUMoE6KEkIlBCeESSEkoYShEkhEoYSRJIRKzU4CQCdQrqTpoTwnAToQmARAJwEUJU2UycJJ0sJEkoRAJAJ0JpKQCeE8JwEJqQCUIkoQklMnTwnhCSVK2lNM83VKbG7piHF5HlHrCt7V2zWowxhEBrRDqVCoeOSXNJ4KO9s6ZtKbw7t9a4PAcWkNg4gDiADKo39q3W6H7mg5c5xO7ifFY/aGV+IfmG/ut2wr3Cy2k2Cq1zturWgP0mPosbS9eiArNB+poPMD8E1KyYW0yXkaidXzmgcwCIKK3aAwRyB4Dfk7l3bFAFRwA3eP3XNtEnIJ1lFCUI0lolUShhKESUIQhhKEUJQhCGEoRJIRKCEkSSEqzITgJ04CYF1JAIkgnQmpkSSQCVJKUIgEgEQCcmymhEAnASSpspQlCmt7d9T9mxz+HYa5+fJXqfR+9dgWdweX/AAtf/amF7W6mEQTuWbCcBaz+jN+30rK4/wC2rH7gqVzZVaX7Wk9n16b6f/sENe12hB60hBG5V4TwnCeE9MlaFtVDKbZZrJLyxp1aJ7AMwQdw+9RbUsiHVIHzRxH7v5+tTWrJNFvHtT/E+PcPWvStj7MpOFVte361+qlVaZpgChUbqpy4uECKb3H37lR1sHRIdXeTLnOsIFg7Lv6u5WAxVQObSYBAaLmd4ncvKHUHfq9NxHFzePFQW47DZ+iAvWukewKLrIijbEODtNIy2kS4Oye0+IDW1cGTuXl9elpe9sgw+pu+sceI3eSfs6nTZVdzZNxoY3EcE3FVHupguA13Tw6VDCUI4TwrhV0qOEoUkJoQiUEJQjhKEJZQQlCOEoQiUEJIoSQiVmAJ06SautJPCcBPCVNlMAihOE4CVNlIBOkiAQkJWn0b2HVv7htCl9eo4xDKQIDnxxiRjiSPFe47C6G2FoB1dsxzhE1KoFaqTz7WG+DQAvOf0N0Zvqr/AKNBzfNz2f7V7K0qg2niH87zYNgB1ze678LTbkzEXUzWwMQBwAEBA+oRxUmrCrPKq11qOrXcOPsVV964cjzwpKqo1gmJyzNrbMsrieutKZJ+c1vVVPtsyvM+lHR5ts7XQcXU+IcR1jDO7cNQ74n716TfVIXE9JX66bx3E+rPuXVhMbVpVWNzeiSARuuVBXw7H03GLgLnaFYNuKLeIaw+ifnZkrTq9Jq+R+sOY1oa0GXhrQ2Q0dkkwMgLKuKTzdtc5p0aQxhzpOhoxO4nIPmFm1KgL3tIkEgEAwY1HAPDA3obtKsGBoDYExIB1M71I/A03PzmZ01I0HQuou+ktwbZs1Tq1cYcYjdmfpu9awr7NV7tMS7VzHaAdIx3qKvIoMHHV37/AIhO+qHuJA4U2nd6TWNa4x4grqwGLdUxIDgBIdoI4eE/Bc+Lw7adA5SdRqZ70EJQihKFolSyhhKEcJoQiUMJQiShCSUMJQihNCEspoSTpISrLSASCKEi65TwnASARAJU1MAnCeEYCE0lMAiASARAITZXov6G2gVLl7jADaAmY3mp+C9Lfti2bg1Wz3HUfYvJ+gA00K7sZdTb3yMx7VvMdkRzWI2xjzTxb2gDd/xCvsFQzUWk/Vyu/qbUpCnqkx9VyzavSagODvsFUq5i33+C52qOHeqzEbQfTiI0+t66mYcO1ldO/pPRO5rvslU63SCk7n9l3uC54lDvP3rl/i1Q8FL+Eb0q/eXzH7newj71z93bNecukZDsj0TvWmynPxKi2nbBtMujj5cEjdqOLwCAlOHEarg23L3XJY55cGa2skggHdhzTkQ0GZ4RuCqXGden90HMEgRmOfrS2GNb9QmAHHnAjvHGeSkp2hqPgETDTxG/y8lbvMKNtwnrUfkRBPpEyd3ATjhgJWtMacEY0g5klztTifd5DmrNSlNqXjd6OPRkxk+pU9mCA8acHS8HODucJ45I9S7tnujE0zO/wXJjmzQfbcpoTwihKFsFlpQwm0o4ShCJQQlCOEoQiVHCUI08ISyghMjhJCJWQAiASARBC7UgEQCYBGAhNKYBGAkAiAQmEpAJwEQCIBCbK7PoodNi8862n1NplTbYrEWz3MJH7MAglpEvaDEeJCo7GMbOkH+1f/Jh9yKlcNuBWouaYphryQ4AujtQMY9FYLGNP8VdVLZbTe0u09XM0b9bkfZaSjfBBoN3NMe+Cty/rObaN+UeJoVHQ9znFx6okEOnA3nPIblxd5Vd/RzDqM/rDs6jMaF2e0LyjSs6dQUi97vk2ML9XzdOTHIxu4rnRslrKdWtXsS0Umio2bhzqbnEgaIE953nduyrzn20XA1G6PaRemC4tzNIALwYlwEjNHQFxNYXAhp1B/msDBBmI3aWWc2366/fTe97W6AZDi0gik0z68rS6DXlStSeKjnODHNDXEyYcCS2TkxE55rM2vc21Si27fQ1VKr3tqMFd7dIYIBgDcQBwWhU2w7Z7m0GWADXumif1jNQktGomHGZIGTyVXtAVK+FGHbTOeA0Amm0A0pFQtOeTMgaAQJNtO6gWsqZy61zYEyHeqCI+tN67G3pfEeW5LbtKKTpEkRx7/5KfZGt9Nr6lPqnOALmFwfpO6NQGfFTdIaMWryZkBsiSROoc/Z5rD0552OB8VauIheZdD9lC4pa2jTJ1lokAAzEHjG7j3pdKNkCgNbXmSSTO/u4Z8Vp7GuRRaXyWkNAO8jJBkuAJO4YOMjyzulW1RVYAN5yf5rW1Hgmy5mshuq5SpUeAQHOgmSJwfHmVJs/aJa4MJOkjS/AOCQckcNQanFIEajEROD5Rnd+aifRaD2JmJEiDIye7ClpVMjg4agz1rnq087SDoVvwlCK1DXMMSCwN1AjBkgDSeW/7KfStphsSzEU87PseCyWIoOoPyO+6CEoRwlpU6glRwmhSaUoQllRwlCOEoQllRQnRwklRKxwE4SCIBIu4lOAjASARAITCUgEQCcBEAhMJSAThqcNRgIUZct+zP8Ay2P+qk8f6pn5+1V9msrCrV00tTao0E62iMHME96s2bJ2dU5tqBw7uyBK0uj21HBrQA3AbBgzjPNYPaWKOGxWIOUEOtefZcCIIuCAtTgqXOUKV4geY4HirV3sa5dZ0nU2jraTus0FzcxBEGY3jisq26LXlV9zV/V20utp1GsYarKh6x7qbiJBMA6XHMRuXotK9cWA49U7u5XLd5DcRuyYmcffux3Llft+tmIAbe8w6YLg6PWiJG8Ei8G6kGz2MA1t0jcInTh1dC8gvuhVYWlNrKI/WNVbrT1rYLM6Ikxy3LV6SbGuK9xaOpU5bSLOtOtjdMPYTvOcA7pXd3VZ05gjOIgZ8D3D2pm3juQ9v4+Cq6m38RUqNqPIJaakWd+uxHraAWaNwtddTcEwNIA1y8P09W/eorRm4xBOSDEz5YUe3qOm2e6SNWlxEDJDmj3fetC3EunmZOFS6Xv02rjMYbOORny4e1VWEaDfpHep6huvKLpvYAAiQZ5yBvKipMb1ZLndqCwzMxqmPjgVLUtS9gMk7miIOncdTjx3GBjcit9mkxgdoDgMxyMb8Dd+K0b6gi5ShnAKTYGzKZdNXcIgc/FT9JrFrXtfTa0YwAceeVq2lAhukzDZgRu5qnfUNRydxjLgMxMeJGVzNxJLipjRGRc/TaWMa6XZe1rvoFpBgzzlWoUW0W6XAZ06mNa0gEDMd++fUVYIW35P1C6k8bpHaPl9WWN26wNqMPQewoYTQjhKFfqilBCaEcJoSJZQQlCkhMQhLKjhJFCSESsUBGEgEQCF3lO0IwEwCMBCYSkAja1O0IwEqjLkgEYCQCNrUqiJWxstpdZ3bAdzKdWMRDSZI79yDo+/d+asdFgHVX0j/W0a9P8Aya/9CpbBIAzMzG9YHlJSy4h5/mDT2ZfBazY1TNQb0SPHxXodnU1NEcoW3bUvnzONJ4jGR7lz+yDLQukog6ccmngBw9uFjqN6hncFcVbNWZdjJ/mfBRN+PwUtzv8AieKBgXA6xKnbotCyEn+U/esjpyYoNYfnGN8Yg+XLgtywZ8QuW/SFdaatNsEwC4gEjBIyTwGCr3YtDnKtJpGrh3yewFVuOqFtOo5uoaY98W7VzFaz0nst4GT1YHDmR7sqE1XNiIB3bhPnDQoNq3NSpUDQQwES4taN0TJJmcAZCrXDNRzqO6QX1DHJu/f9y9OGDwxF6LP2t8ljBVxQjNXf+53mty2uHAbxHnHfCz9oBtTsPyPS7+WMA81FRttIc4jgAQBGkndH8/FVKmoEiXyDJlxc04yO1OMyNyHYPCC/Ms/a3ySU6+IJtXf+53mVJtpg1NIOdbeXGOYTEIbqpqfTDiAQWjcSwcd2TJiPNTwnbPp02BwptA00txRjX1SGc64k31M8FDpS0qWE2lWK4cyj0ptKm0odKREqPSmhS6UtKEuZRQkpNKZIjMsIBGAmARtCFYkpwEYCYBSAIUZKQCkaEwCNoSqJxTtCla1M0KVrUqicVf2BU6u6ou/faD9Vx0u9hKi0dVc1af0atRo3bpx7IUTZGRvGR4rQ26AL2q7g/qao7tbAZ+9ZLlPSvTf0EfAjzK0XJ+pIezgQfjPkF1WxH49X5rp7dw0Y8IJM9xHJclsJ+F1FpXEQfIH3eC8/YQ2oZWnqAlqr1uPsQUm5R1XCTv8Aj3JW4yq593GFMNFr2TcDyXnvTXTWvajDjSGhpByDpJnz1L0e3EAfiAvFek7q9XaVWnSycB25kkOMkNJzuGFuOTtEfiafQHHsjxVFtPM6g8NMEx3z4KqYDi2DOmrkwWuDXASMyePDcQpau9seiD2hn9ocz3gjd3I69rcNyKTImA7rBr0tEBhnhw8ycqvVcIDgez87BJiMSN8jgfgbueB7R4LL1GkkEjVXbSlVAJdmBLpMtIjMDVz+AqVx6Qn0oJHA6IcWCd0xPkQtKjWaQQagOBEBxknhgTy/NZta1c5+ljdTyNThgdkloLnCcZIAHf4pjtDCjogucJF+gJX1PSKbwR+1bHc0u34471a0qnta2qU3USWEB76ABnUCNWPAwTwxGVo6UYAWd1Jdoy0snfPgotKHSrGlDpVhCrcyi0odKsaU2lIlzKvpT6VLoT6UkIzKHSkptKdCMy5gBGAmARtCarUlO0KRoSARtCVRuKdoUjQmaFK0JVC4p2hStCZoUjQnBQuKdjVb22PlqbudrbcJkjU3P2VXaFY266DbnnQg/wANV496zfKYf2dh9rwPkrvk878946PFbew6oAye4Z4nuXQ0KuFznRhxIPkZz8bifWtWnUK8yxdOwPvW1YZstAkTPkrNrvWc16uWjsrgAuFK7RdFb7vu9q8F23cOO0q0OP7Z0YEATwkSTJ9i94tXY9a+fnMfV2nU0NlxuHMAEzrc+Gx3kr0bkyRz+bgw97fJZ3af904dPgV2nRTYLdpOrdbUqM6oUi0NFMk69e/UD9EKzc9DKLn2bqdzXayu97HMqNay4DRSqVAWiBEFgBBHzx5z9ELk2NzVt7inUFWq2mKTGsDnwA9xMzyM+SvXm2yyta2dG1ubmtQqNqVH1Wt65rCxwLi6Y1FtSJMDvV/iatbnSGO9GLaREa3trvVVhaVLmwS299ddfJVKHRZhrXlLr6oFu2iWH5IOcX0jUOohvMcEFx0KoONNguqgrVWOrUg5jH0yWhpdMCY7Y4z4roNoXAomuaVtcGvdNDA0tZo1U6TmiHAxhskiSTChftKmXMrttrh9W2DrYMDGNYK1QUwWuJP1ftbioDXrkAtJuBw1ygfAusntw9FpILRPXx78q8l2rrbc02PgNYWgDSGNa5rjMgDcI39y3gFm9JtnXFKtTqXNN1PrKoOp0FpJcC6J5ScFbGhW2DdmLoiLacVTbSMNpzrf4WUOlNoVjQloXdCqcyg0JaFNpS0IhGZV9KWlT6EtCSEuZQaUlPpSSQjMuPCkaFGFIFGrxykAUwCiBRtKVQlStClaFC0qRrkqicp2qRqga5SNclUJCnai26YZbH+7qD/yFRNcj6QvxRb/AHLicYzVd+XrVByk/wAMwe1/1crnk+IxDj7PiFudFTId4K02tk4VDomZa6RuBPCNykLyCeGeMH27l53iWSxvWtrTNytSjVlaVo5YtvUWnZuVRVbCnXTUKnZ8nc+S8Q6PVY21pLcm+OREg9d3gz7PJe2Wh7Pkvn+o7RtW4mRpubgjL2metMGQCQVt+TDs1Rw9jxhUu02wyeBn4L2TaWyq/wDTlC66v5HFPXqZGvqamNM6vYtMOJqbRZQIFzDCzcHZtWCkfAP1eteUX+0yXz1z4aJH/EXIkkESMYIMZ7+9Z95fRWp1G1XB8wagr3AqQWjOqNUY3e5ad+DeQA46NAFumb3+rKnp12zIGpJ7PcvXrDZppvtKjqlySX1WllxVFRzC6hULpjjLRxPtUG2q9MWV+6g17HtrfKu1GTWApHWwz2caY3ZC4L+knOaHPrvc4ei81rhxaSDJBIkcsc/FZ9a7xp6wkOM1Pla+l5xlwjP5eCeME4uDnONujg6Y1vw98KMYpt2tHHf0Qtv9Ij3OuLEPe7QaVu509oa3OMuIOCTHnCKBw3RiYJjyAC53bVRrri30mYqUm5fWfDZAAGoCB+K3ta6tn0sk9Fu86daq9rVucbTHGT2Aa/H5o4ShB1iWtWkqkgo4ShBrTa0SiCpITQh1pi9ISiCpISQa0kkohcYEYTAIwoloCnBUgKiRoTCpA5GHKEIwhMIUwcjD1XCIJUwtVkVEfSEjrKMn+zM58XPOYVZWOkzflKbcDTbWx5EzPHjnh496znKM/l0h7R7vmrrYbYqPPQO9bfRep2XaW4IM9oDTH3qRr8mM5zwjxMwPWqvRd003n3lRdY48ZzGd8D4hYnEMsFqWG616D/Fatk+FgW7oMB0xuIx4YmQtm2O5VGIaBZdTSuotauAvDNsv07UuA4ugXFQy0we04GByESvYKLiW5PI8eC8V6Q1g3adaYzUkxEZAP3Qr/k5ijQqOfln0YiY3joKrsdSFQBpMX+uCvXd1T1AdbUnO86fnCP8ALPnGVWubpk0/lnfvdt8E49HH1t/IbkTtotnDZ/ij3K7Q2oKfa08sg8dwnHl5LS1Nuu/yf94/8rhpbGpW/MFvZ+ano3FPq3fK1B6OjfzM6o5CPbvVWrc05B6x8E57Wfj4ytQdIHGjoPpbtQAwMei38Vh7bv2VYAkZBBnPKU5m36jjBoQOOeev1Ao3bDp0wSKs/wCj+pDcPArU4LnHrWOd2g4HtAyOPLC6bWuRvKpYaZ1S5pYdR7MmRv5Lp3PJMkyecyVa7MxRr5zEaW17epUm18KKQpiZN76dnzVjrEusVWUxcraVSZFa61LrVU1JakSl5tW+tS6xU9afWiUc2rnWJlUNRJIjm1kBqINRAKQBLCsC5RhqINUganDUQmZlGGIw1SBqLSlhMzKIMThilDU+lEJMyi0rf2xtEvc22dRBDKVuRUlpcAWGQARPqcPBYsK/cXLDXbV3sdSo03uEHRUaCC1w3jfgneqbbFJr2MzC0nwVpsuoWudGtvFa1jRpUqR0h8uH7oHlkqkyhiQ0/wCJH+hXn3NMtAaW93bEoreXNhonwcf9qovwODcId3q3OJxINu5ZTq4bva/yrkf6Fp7KuKNUwRV5D5afcorjZpO8H7X5K1sLZuh8uwJnLgE07NwBHo96BjMUD6S6bZ/R0VJOs6ZDdJbqdHHtOnnyC8G6VOcy/qg4Mhro3dns8cj0QvpW2vre3olz6rBEuI6ynOB443cV8y9Ii6vdVawkgnUyASHZzB8ST4BJSw7Ggtpt+AUvOukF5QU6jjua6OYGPWrX6xAAAzxmoz2iVhvbUO9j/U4oDTq/Qd9lyY7Dmfv5rpZiQNO8LoX3GkkghwmJDmkHlHGPJZ1a6Lnes8sc8qizrG/Md9k+8JPNVxkh0nuI+NwTm4fgJ6kj8RIhaorOdUp89dKNxEhzfJdw4Z4eQAHkBgLh9gWTn1muqCA0h8RkkbvASu5Wi2PhzTY4uEEns+6zO2q4fUa1p0F/f9kGlMWqQBKFcQqWVFpTaVNCaEQiVCWpaVLCYhEJ0qGElIUkQllZrUYUQUgTl1FGCiCBqMITCFICiCjRoUZCIIkDSiCE0pEKlXpiTGJwYxI5K8q1VRva1wghSUnFrpBQW7yzcSPArZs70xkk+f5LFCnpKtrYCg7Vg+C7W46uzRxWzVvdIkFw/jKzbna9V3z3/wCI5NX9FUTvUVDZ2HbfIPgFJUx1Y/qKiv6rqoh5LhMgOJcJ55VdtHCuloQwrFlJrBDRCgNZztTKgo0VsW9ERuVGmFrUty5q7AVNh6hDisbaNJZZoLdvt6phgUtJtkj6pzlBs+lpcFvhZNuMrTaupqr8S7M6UaSZMU9c6JMgKaUIhOUyZMUkpydJAU6JS5V//9k=', '2020-10-07', 2);
INSERT INTO `beer_tasting` (`id`, `user_id`, `notes`, `price`, `rating`, `photo`, `date_sampled`, `beer_id`) VALUES (12, 9, 'Yep, it is a beer', 5, 3, 'https://encrypted-tbn0.gstatic.com/images?q=tbn:ANd9GcTMLAJv2c2uuqRjylQkMzTw-coqVvWMHRzd4g&usqp=CAU', '2022-05-15', 3);
INSERT INTO `beer_tasting` (`id`, `user_id`, `notes`, `price`, `rating`, `photo`, `date_sampled`, `beer_id`) VALUES (13, 10, 'Of all the beers, it sure is a beer', 5, 7, 'https://encrypted-tbn0.gstatic.com/images?q=tbn:ANd9GcQYcPCllloFPZWlRHS89BwVDZREJZIQ7EAjCQ&usqp=CAU', '2018-11-03', 7);
INSERT INTO `beer_tasting` (`id`, `user_id`, `notes`, `price`, `rating`, `photo`, `date_sampled`, `beer_id`) VALUES (14, 9, 'Hazey and delcious. Great combo', 5, 8, 'data:image/jpeg;base64,/9j/4AAQSkZJRgABAQAAAQABAAD/2wCEAAkGBxASEhUQEBISFhUVFRUSFRUYFhYWGBcYFRYWFxUWFxUYHSggGBslGxUVITEiJSkrLjAuFx8zODMtNygtLisBCgoKDg0OGhAQGi0fHyAtKy0tLS0tLS0tKy0tLS0tLS0rLS0tLS0tLS0tLS0tLS0tLS0tLS0tLS0tLS03LS0tLf/AABEIAOEA4QMBIgACEQEDEQH/xAAbAAABBQEBAAAAAAAAAAAAAAAFAAIDBAYBB//EAEEQAAIBAwMBBgMFBgMGBwAAAAECAwAEEQUSITEGEyJBUWFxgZEUMlKhwUKSsdHh8BUjUwczQ2JyoiRFc4LC0vH/xAAaAQACAwEBAAAAAAAAAAAAAAABAgADBAUG/8QAMxEAAQQABQEHAwIHAQEAAAAAAQACAxEEEiExQVEFEyJhcYGRocHwFDIjQmKx0eHxgiT/2gAMAwEAAhEDEQA/APJaeKbR3R9HaTxAflmiBaW0GAroQ+h+leh2XZ3P3h+QFFYOzCelOGpc4XlQhb8J+hp62kh5CN9DXq0nZEn7vHzqa27Myrx1Hx/pRDEmcLyE27/hb6GuGJvwn6V7BcdkiRx1oZL2SlHnQMZTCQLy1lqMivSLrss+05/hWH1XT2iPiGP4Ujm0nDgUJYU3FSOKZQTJCpBUYqUVFE000081wigouCnCuYroqKLtKliu1FEjTTXa4aiC5TadTTRUTDTDTzTDTILlNNPxXMVCimYpU7FKgoiFej9jnAiHwFeb1v8AsxJiMfAVkxk5hZYV0EYkNFbBZvSpkuWFCo5qnSWuQe03nla/0reiMR37Cpv8Tb0oOJa73lQdpydVP0jOiJ/4k1dGo+tDO8qNpKdvaknVKcIw8K5cXwNYHt5tK5A9P41rJJKx/bI5Q/L+Na4ce+R4aVU/DNa2wsNJTKkkqImumsqQqUVEKmFRFcNcpxptBRKu0hSqKLtcrtI1FFykaVcqKLlNNONRtTBBcNNpE1yigu0q5XDURXaVcpVFERArcaCcIPlWKUcitnpHCCuT2ofAB5rdgRbijkbVYRqpRGrKGvNuC6tKyrU7fUKmug1XSlKffTS1MzXDVjbSUo5DWY7UjKGtJIaz/aFcoa34UkStPmqZW+ArByVFUsgqI16lcVdWphUK1MKii4aZTzTKCKVOFcpwqKJUqVKoouV2lXTUQUTVG1StULU4UTaVcpGoglSNKuVEUqVKlUUReEeIVstO+6KyFmuWFbGyHArjdpnYLpYAaEorFU4qK3HFTEVwi1dJPFPFMFPAoZFE6mNTxXGqwBIoJKC6yuVNG5KF6mnBrTGKISOFil5xcDk/E1XNXNQXDsPeqhr0zTYBXDdoV1akFRipRTILhptONNoKLtOpop1RRKlXaVRRdpGlSzUQUbVA1TtULUVEylXcVzFMguGm0/FcxUKKbSp2KVBRaDTEy1ay0FZrRxzWmtTXB7QNyUuxgxUaKQCp6rRGrCGuctZUqingU1aeKVKlXGp9RtTBRQuKo3oyKvSVTuelaGJHLz7XI8P8aFkVoe0Ns5bwqx58gTQf7BN/pSfumvQYezGNFxpqDyqy1IKsLps56RSfumrCaLdHpbzfuGr8p6KnMOqH4rlE30G7HW3l/dNRnSLkdYJf3DUyu6I5gqFOFWjp0/8Aoy/uN/Ko3tJQMtG4+KkfpQoqWFFmuZrtLafQ0EUqWa6Eb0P0NdFu56K30NGkFE1RMKvf4dOeRFJ+638qhks5R1jcfFTRAKlqrSxUvcN+Fvoa4UI6g0yW0zFNIqQ0w0EU3FKu0qii0ujmtJbtWW0lua0du1cDHD+IV2sKf4YRWI1ZRqoxNVlGrlOWsBXVanK1V1apM0uZRSlqYTUe6uM1OHWlpdlND7mSp5ZKqM4zk9B5ep8h/fpWmEGRwa3lI7QIbLpXeSD/AMTHExA8BDE+x46cVOukRg4N6pPoFkB/gaJaDBbSuZXbAQ95IxB3EEkYGOuTx6c0X1OI3XeXUW1IolEajOGIHIwADzz0zjpXru7hw7mxOuq8TuATVAdb+g1XGZE+dxINevrXTlC7PsxI6GWO6yi5y2yQ9OuPDk0620F5f93qCMT0AWQ//GiHZTUbgyJaxyrt3SZDKH4ALEg8HnHrU9nayC7eOLgxyOzbM+FS55A6+fT5U7W5ZZI5CBQzNNna68V7FZZGEac2RsOFEP8AZ/eed0vQnlXHA+IoLNo2P/MYf+7/AOtbtNUll3IjgnaFLMxyqnk8AccAZPlzQbU7mdISENq6Y2nKYxkHGBgHoDzjFB2Zr8lAnTmvsfb3VkWHdI3MFmU0GRm2rexE+gDk8+wFVLjR38SrdwyMA3gBOTgHIxnk1prHWbpLd0iRSFO0zY5UMcZOOCeuMnyFQavpEQhtrmAYBIVypOd+CNx+LAg+5FK9+WQseKBcWtIIOtX4q2sbBWw4Ql7Gu/mroN/zyXksSkkADn0rWaXpzsuBtz6YJqS90QxTd4cEOoc7fLdyPIeXp6GtV2bFvEhuH+AH9KrFCMyb9AOUXwua7KRzSCQaPISFBTPTGP60TPZ+6jIBMYJ6ZX+tXNSQRstyjDLndt9OP6Ucu3aa3jlYruLLj2ycU7ZBcbv5XaHfQ1fTbdUzYcsGu6qWOi6iV8PdY/8ATP8AOhWqaVdZIcx8dcJ/WvSdNv1hi7uRxvx4Qep+FZzU5pArlCpPJORRfNRFUb8690keHzrDJ2fnfkbSPXbx/GgmuaQRG2CpK54x6Vu9O1SbuG27MKeT5+/FLtDpUbxxyxjAIw3z8zVUsxY8skFAkgEG+L19eFpiwvja1/K8Rphox2k07uJSo+6eR8+aDtRBBFqpzS00VylXKVRKjOnPhq0tu1ZK3bDCtRavkA1yMezxWupgn20hFYnq0j0Ljerkb1yHtXRCuq9Sb6qK9O31RSKnV6UklQB6jlkohqiUklCL/V3hkwoBBU7s+YJwwz8M1deSs9rHilUZx4efYbuTmujgWjvRaokJrRGrDXE710lykbk+FASdhwyDoTjgc+wohaWJmZhayKsSgYZ0JcHpsxxn1B9CKz+lWat3ZkOWkE23LFQzBkVAzjpnnHlk1Ppst0pZLbvMklnUEHGw4Ybm6emR516VwkfF3kUmVwFanw6GifXTQ89FyTO+OV2UkX8orNdXNnJGuF3qQUI+6yjO4g+XGQR5Z96msu2AguTNtyJixcYywVmyvHnjj86o6reKUtjtlZpUMy7pWk2nkFQCMnI/TirNh2ckAiErCJpW244ZyApZvgdo6c9a1vEbow3FkZ3jJp/MLvbf7BYxY1bsCrM+tCCZ7iIxyQy5bkHKlxhldfvDzwcUr7tQmxkjLszBU8ZDeAHIQBR+LJ+FDltLdoxOjNCvf9xIZD3hxhiGVsAg+HkdPpREzW7SxW9su2KRtjyjiV/CTw5GQvA48/h1pdhwJGtAc8jcnQADbMdifIb80tceMLW7Cxt/zmkEt9SmRTHHk5OHUA4Pi424Hv0PpRqz7RRR25gMUm1sqUx94+Ui5OUboSCMZHlUFzo7RyW6JIXEzyFWGMMimMoePu8Mc/8ATUfaOyjEt5Jk5Qx7BvCAd7HlsAjxHcOnvVuJEE8ghcNxnsaagga/Oh303VAmkLQSdBsqkGts0T525jygz125zxj35xzjcabpnaDAZZE3Any6Co+0EEa7Jk2bZIcMBgeNRydo9sD5VFazQ92y5HT2zmsMJbKdiA6/KiN/qteIlLmg3Z0v1WntbKJ4w4fDHkD09qFNrM6KYScgNkfLkV3QIVUo4csT1XqAP0q5pNnFI0k8zL4WYBeOlWRSNw7HOkeXgEUMuxvSllke57tflPk7SySxr3gIkTBDAEj5mpBq95LGcIACOW5/IVPFdwFdylNu05TAznyoYdbZu7UgIityvr8atOCHhEbOb1O3NCvPhSPEuAI6IdD3pbYpxk/UiitxrtyFMGwceHPOKKm4tppEZdo2sS3TyBobqOoxNvMZUkSDHTJwaadwllyOZeUX78ICR7gDrusd2qmLBQ/31PI9sVmjWl7aS7nDbCuQM+/FZkmscd5QTudVZM4OdYXKVKlTqpXc0f0qfK4rPVZsLja3tWfExd4yuVfh5e7f5LVI1TxyVUjfIyKcrVwXNXaBRFZKnjOaGK9FLMjbk0IoszqUe+go5HxVWWSu3L1Tkel7uipmT2egGtpl93OFUZHrufAotLJgZNBZLjcGx1chF+KsDXRwTCHhyy4p9NoJ9pdyrt2SurBSFxjAXOcdPhV+zvpEBQ96qtkv3ZPjPn8CeeaGdyyHa3Xap+XB/gfyoqNOnNu92sqhVYrsxzgHBOfWvQCRmUBxFOqr6nZLJHhu7DiCD/T97Purt1endC1tG4WEDZ3pTIwc4AXy48z51al1Oe6YyMVjkhx3S7wuGc8FcnxnIH99Q0OnXRtzeBxsBORnnAOCcdMZqfxbFa5idQcFZNpA56HI6eVO1rA4OaQ5zbbe7h1Gp1/v0VAiwsoysJaf6qyn3F0tBqmn3ncs146hEVmyRGo3EY8KIOWJwMn3oBBdSkpLErAoQVPhwOMEgNnPBxzT5bqN9oaSSXH3UJd/YYWrf+C6hIjShBEqgsAxCkgDPx+uKdmIfEz+M5os6WMo9ALsm+VP0eHiFyuvyYQT7nYem6hstYeFkJE5Ee/u12p4e8xuGfMHA8/Kqsl/c+Nnk2iXh/CjFjzgkkeHg44qddPuw9vG0ij7SoZTjO0HHX3wRVXVYGVniZsld6EjgHDAA4+dDvIzIXNIJI3G9AkewtW4aDCuJrM6tQCNPet1FqUcXdKyht5V1kJBwzDHiBPHQjgUJt8VrJ1V7aD0zLn8zQC4QJLx0yD+dYYZ87y03YzfQlNhnNa9wbtZVi2vGh4BZc+x5p8Eq7urA5yQSRn4itbNZxSi3lZguNuBxzx0q/daVA87MyBtseQB51Q3tOMbtNkG/Y17/ZVDE1YLG1yK4QnT9RgVSXgzJ5EfzoFcspZmYEljnaOcCi97pkSolzl0jLYdD1FGNMu7dIZJljAjAIVmHLH4VcJxEDJGHOJNbnQ7VZO/p8o99AzVjNf6th9FjY3yQE3gt0GCM00ptcADB3DPrnNbRBvNvKijaAzMQOmRWQ1OffO7D8ZP0b+lXRTmdxaBWhvXm6oq/D4i8xLWjTgKn23iKsmTnIrKGtP2tue8CEjkcVmTVEbXNYA7cLku1NrlKlSp0qt12uUqiCK6Xf48LUZ+FY4mienaiwIU+fGaxYjCZzmatuHxWUZXI+rVahmGOTRVez8bQ99vOcZ8qOdnOxtrPEHeQkn0YD5YqqPAyA8Kx+Njr/SwzyZqNzjrXrTf7ObIKWDNn/rNeM9rW7q4kgQ5CMVz+lE4B12aQGNZwh+qXufCvzqPTNvBYjCEv9CuP1oeaIC2UrCBjc5Y59PGVHy/lWoxhrK2WdrjJJryiGrSozLsIICuvyDPt/7f4Cj/AGYuU+z3SzKGjTDlT0OV5H1H51kzHh2XIPiK59cHBP0U1p7QLFpkrscGYtj352qPyJqTsb+nZHvbmAddTf8Aa9Vsn8MQG4/7/lEra/jl0yfuou72gqUDFh4ipJBPUYP5UU1QXRe1MDIY3RA8LFcMOMkq33htOOOnzrMdndSt0sbiKRgHbdx5tlQFx881f1zVbRp7J0kysWN5X9lQUK/Pg/SqThHDEva1hoOeQSC4HwaVzqdjd357YL0VXV7n7DeSraImWVQMjcULAE7Pjx9asaxeva232ZnZrif/ADJmLElVPAX4kDH1p0Oo2LajJcyP4MKUJB2lwFUn5Y4qnrNpZyd7cG+DyNllUL+6uOvTj5VtYGl8QmY6w1hcS0kudWgJrQN3PX2NjrSMWFv9pazuo2UrbwhZFz4laIcDHvWNuZy4Mhzlssf/AHNIf44rW9itHKOs8c8bxtHiRQx3AkfdK+xzzWVuk2l18lkkUD/pfcPy3UcK5gnkja7MG1WhBFlxIN8g88ilswX7j5gpzF+7aMSDAzgftZ2Y3ewxxx1xQqEM77TyScfnR+6khZAVGDDAqZH4mY7gfXgA596EaHaNLJhTgjxZosf3j3Oy0T5cpoG92x2bi1pu0AVBaxlsYYE/Q1q/tMQZmEi57rHWvJtRuHeRt7Ftp2j5cVvtGsYDbQtIuSzAE8/SsmMwQigjzuJ3Gla3qsQdZTr24intoY5JlyZBu5HrU3aDShMixRTRrEgzjI5I+dTJYW0zTQmAKIxw3TOR5VbttIhQRxrCGVgdzVm79kRaWkggk1oR4hd+oGgR3QzsdZ3CKQXVomB8+nw9qy88YWcqegkIPw3VHe3cltPIkEjKobAHUfQ1PqdkyKkjNu7wbs+/WuyzDPbI6YkU8CqFH3WjBubnLCdwQqHbGJOGRsjgY+VZU1ou0MQESEHPPP0rPVljFCrtZ5QA6hwuUqVKnVSt4pUs02oEqaa6DSpuaiK0dpczyRbVkbGOmcCqAuZ4+A7r8GI/hTNLu2QHaflUFzclsk1VyrrNLX6Fq100LN9qmHUffOBgeec1jZ5SzFmJJJJJPmT51aimxCQD196H5p2OsJHiilRDSHbfkfsxuR7ZB6fM0OJq1pU+yTnGCNpz6NSyglhATwjx/Ks2w5HuQPmQcfmal1i3MUncb2buwAc9FZhuYIPTmo4Gww5HOxkPllTW3TTbTUcyeKObA34+gbHRhx19q6cD2jUrV2hmGU/yj6Hz9qIWe7ERI13GrqGHj4IyOEYjj5Vpu8t44bydIImeO5eMblyB4sDj0zngYoV2S0xodQMTkExh+fXK4BHpwwo9ZyQw297KwjkDXMxCMRhsOQo8/PmuV2lJ/wDVQt2kegJF246eWixM/b+dFE+l21xBaztEsTySqrKnhDDLg8fBcirxtEeae1a1jSFI8o4TBzjru8/P6VndE1dri9hMzKiJnYg8KLgcAe/TmtPHK7yXy98WQJhV3ZCkoScelZcWyaA5HO2bY1d4M0gqupaOvnumaQdfzZeXxysjbkZlI6MpIP1FFLiz7uOJ925ZsuG88gMsinPmD5+dGOzfY9Z4hcTyFI+SAMZwvUlj0HFRdq7yEiOO34SJSkXq7N1IHXHv55Nepne0mhvynwJf33hGmt9K/wAnhCIUUQyyEjOQMZ6AoDnHnk/wqDQL/uJA+MjofhVmOwbZIzDCuhRG90K549Ov0NQ9n9JaVwD93PJrkZ2ML3udoPyvVbXysa57Ha2VrNR0K2uIGuYhtbG7NS6XdwLbQB3UYYGimlLGEa0fw8EfEGgV32IRH296drA7R5A+Qq18TMUxuZxAGor0XIa/ISFB2k7TFpe6iZRHkbmHU881prbWIGeFUlGAhyPlUukdmLZECSqhYgZGBQ7WOwkIcNG5QMcAD1NVv7Nwz42xAkZQdepIqyoMRRTNJ7N28rTXMp3AOxHpxQftPqSTMscI8KeEe56Vs0tobG2MW7OevxrH6XpGZA4YEctj05yBV80oijtx0AoewpasCW53SEXWyzfaOyMMaq37XSsyRWq7ZXLyPyAApwAKzBU1ijzZbfudSllcXOs8qPFKnbT6Uqe1UpyK4RRX7DSFjVfeBP3ZQjBrhBo0LEU77CKhkCndlCbXINMlHWj9np2W6Vdl0yMdaQu1tOG6UsxtOyo+6Naa6sUA8NVvsftRD6FKFhKBd0atWOnlwzKCWHCgevH5dR86J/ZKrtdtA5CgeJRz6cnnj2pXue4UzdFoyG1ViJ5B2cE+E+x/ZPnXoHY+z+zynvWAd4kwuMAb2ORn22qM+prMaJcxKXLbSO7KjPXc33cfNevlkVo9d1O2aETpKneL/ux1Jz95GXrj1HGMVfLiXsxLIgw5ToSBep2/2hJJJJGQXKv2n0C8W4e5h3Mrc5Q4ZRjBBHy8qE2XZ2VpUjkSQd4veKUCsWBwc5JAHXkk8Vp4Nfn2tDsSRwviidsOAy9Q3SVcH2Pxqhbdqvsu+AL3hVEjjYHhWCKrjP4dyjp6V2WOkAoAX+UsQJ2V6b/Z5mPMcjK/4X2kfDcnSs/FoGoRnYkcilsoQpxkDGScfs89TXofZO9aSPc7McRRk7iTzzk8qMdPLI4qhq+oPDdC5RY3jeLuhI77VjZGYuM+4I4Ayce1K2WSy06+qAJBUjWJg0xoJnUN3MnwB2s233xWBtrKZ3jGxQZDhW5z74zxnGfPHlRfWdblnK7g2xgWQheGwccISdqZA68n4DAj03U3iKtKpbulYRDIwC2clvQc+/WqMQyZsZLG5ib+624OYRB3io8Kt2hvkMYhgV1WJDncMHOR/M/Wh+jaq8IyB581Yupe871zjxIOByMhlB5+S1JbSRLCAQpDcH1Fc1zGxMEBZmvcXydT9U2Ulue0Ztbt7uVcDbtUnPrXNQu32KNzCRm2DJ4U+tW9HvbfYGGFONp/Spzau0RMgUleFH4vQ+1bcHkbGGsblA0pY5Cc1lU+zd5OLkpctkjABOAMeo+la3tFLuiZsHavIZeuRQvTNG71N8mcr5eY9s0VmumMbIi4RF59+OlaHkF1hVHdY65tJ54klJOXPCk+XvQ1Gki3KhIboa1moxs0MOMq24cD9kedC+1Wmoqo8eS3RiOc8VllxjGyiJ4BB28iOq2wQl7BlNX9lj7+Bj97r51T+ye1HrxlcIQDkDBqERj0rFJIS4kilaBYQb7H7UqM92KVJmRyhcK13ZVjaKWBVWZPSr7RTsU9gKSIzHZGMsaIN7KEAbqEX6xHnHNErXRJbxWeAbgDzg8Z9B70B16zlXCyJg+taHshq8tlCxjwQfFgjOD6jzzWlgDTTlmdmcLYs+0xjfumBBHUHyoisdDdSgmuXa4GPh7Dz/OprK7K+F/hVb28jZWMdwd1d7qgerwt3o24+6Dz8xWhVgelCNVTMvr4QAPr/OkY4h1q0NBIS03S2kUgMoPj2KRyzo3iUNng9COvWr9jpUskSuRGVZljJz4gS+wgrjqDQ1L7wGIrkpKHV14HC4GOc5olZX8sTMkq5DgSOhyOSciRGHIPTkVuifitSCN/2mtRzWvTXXkdFnljDdwj2pbWuJpFYxvGj28igE5V1xDJtHLKCwBx+EUDi09O67iUqMuWguF5TcQA0Uh6rnC9eQaI2F5BJPHNckiRG7snG4SIynu2YDjIJGaf38X2iRmd1l3bJoyE7lih2biWz4eM4wT6V022PhZFc7LfaDi0EYAeMiWTnKqkjoQOMMT0HJx+VXe2WkRyMkcMm1nk3SRh/CFVTulZM4GAOtXddv4okWSKRvEhUiDYXK53l0B4xncT06k+VCby1jNvDHHJIgf/ADpHbLSMsvhCeH7zNt6D8NIDZzbJVDq7W6SQho3MP2dApRiGClmw+0feyOSOvNArwSQuEmVhuG9DjJKZONwHRumR71qNT2GSKaTbHHF3UXdMf8zYhyCQueTwNozxUOplr0I0CglRIGzhduT4Qc9OPKuacf3cwc3Vh3JJyg8VxfWvruujHh4nhoccu9n3NfRZe8j2xBlXiSIMPYggOv1APzqlpRUnawJYtwPKr96k0cOx8AoDhepALBDz6EqTQu0dlYODznNLYddmzrRHrotGGglkbbRojl1aDvSgBTOBz70RmguIkkhZmJK5jOevwPrQqV55z3nw6e1Ery9upVQFcFMYbHpVrJ3t7oWCAKd/kJXdmTm9B8hH+yRm7vazMSR1/nUuqZt4iVBDOwG0nk/3iqfZnVGhZzMh8XIxmqup30804l2nap8Kkfma0PmbqQR8rNDgJzLqzQb9PlP1/UZY4FOCrng586o9ltUYlhL4gBnJ59a5rPf3HMi4C+nlQi3UxAhT14Nc9kLHYcsd+478/VdZmAlI/b9QrOpT7nJAAB6YqpmuwjJ5PSnlRVLmhuixSx908sKjzSp2K7QVdoBPqb+ldWaYruxxRv7BH1wKswwxY244+FQFvRA5uqzX2qTFFOzckpk3L1H0q/JpUZ6CrOm2YjbK8VYx7QVW9riN1W7T30jEB8enl9Kg0i6l2kKgYfT5UT1OxEh8VKx0zYDtOBRJY51lEZmsoKjFFMnTo3UZH9iguvRtuBJ+ValrI/jNV7nTkb73NAvaBQQyuJsrI295IvQ1bkzNt6bs4xkDjB9fhR4abGPIUK1mBQ+MDoKTMCdNFdHGXOq1WsZZI96Kv3l2sMj16c/DqK0OoW0sZhViDGIvAceIE7Syk+YHl7Vm4YFz0+hIonDbySYAaZsDgb3bA4HAJ4raC0Stk2q7030rTp91qf2bO5lWP7fKLro+62+0W3DIxEsfUNsOdw9Dgg4qsYEac3BdVSZmkilP3Uk3ByjrjqORjz4xTrFLiIMsUkygklgBkZ4DZyD5YqMaXMEKoZACwYqRkFlPBxjgj+lXYfEZXPD3ggk5eoB4PpwqH9lzAW2vkLfW1rO6K8bRKSSe87soSCoBzGw5BIB8jx6Vm7oGe6MNsc90ERQCdilAQzA+WCSM1du9euZIe5WN0JAV5MbWx0wqgtgnPXPn0oPZW08ee6eZcgA4AzgcAZ2+9CaUZHBpGbi9vdTBYHENcJMo/wDVD3AUHbCRzKA7KzqiqzKCASc54OeeB9Kj7L3RiZpCHYKhOB67lC7ueBya7e6ezjvJTIRj7x4H5D1NU1tVXIUuARgjcwyPQgGqg2M4YQ3xRr6+lrezs+YijVevmm6rK23c7Z7wHJJ6EMTgD05B+dC0HpVu5sO8HdxgAt5/Dn9KHvol0vA5+tZ36HT86Je9OEcWVvr+WjWn6oUIUnw0aTXYvxEfKsT/AIddjotI212P+GarcwONlE9oMduFuTrkXk59uK5Br8QXlznzrD91df6bUw211/pmp3bapQ4+MDZbG815MeBzz1FCZdQQ9Kz5guPwGpILG5Y9MfGrGmhomHaoaKaEehcnmn76fYWzAf5hFWhHF+KkItcuWYyOzOVLdSq7/lfipVMo6qvMljPSnpGRUq2/uPqBTGi/5h9f5VWmSyR506MnOc1GEHv/AH8q6qDyU/386iKsuferlowKnrVJF89o+f8A+1agmOMBR+QpmoHZVpJByADUDS+oNS3DH0H1qoznzVD9f0NAhFQXOpRp94NQS81COVsqcHGOfail1Dv42D5Dn8zWfutBlydgDD4gH6GmaAo2QtNhWo5CPLPwq1Bf7ehZaAPY3C/8N/pmmiSYfsv+61W2V0WdpVoQVu7fWohx3kg455PBwcn35xVmLWY8A/aG3efHn5c/H+NedC9YdQfzp3+IsOhNJkCb9fF5/C9EOqJlf80kZGTjHQg/p+VOl1qLGDK/7OPPHTd1Hxrzz/FG9/rXPt59D/fyqZAmPaMfn8LZ3erp91ZGK8cH28se1D5b8HoCfl+tZz7RK33Vb6Gpo7S5f/ht8+P4mnBIRPa2lNH0Wj02Vt4kI4GcD1yMfrRM6i2fuihelpcAYlC8dMdfyGKIrGPQ5/v2pCL3XNkmdK7M5Sm8Y9FpxuJP7FcXPQDH0qUQk+R/KpQSKN0kI61Hsf1q/HbeRzSe3A9fp/Wjl0tBBmjweTXVXPriiLwjz/T9K79nB/bH5/yoEJ6Qlx8aaNtWbu0YcqQfkf1qqYD5t+RqGlUVzA9KVP7j/mH/AHfypUNELRO3/a+X6VyLqKVKqE6c3U100qVFqKrtXYvOlSqxqUp0tUm60qVMlUsHnUp6/OlSqJguetVpK5SpgkKjuKgrtKnVTd05P5071rlKgmcpbXpViOu0qUp41PT1rlKgrWrqVbPQUqVRMVahqV+grlKn4ScqCToaqXHSlSqvhWKs/T5VH+0fhSpUFU7dNpUqVRKv/9k=', '2023-01-11', 8);
INSERT INTO `beer_tasting` (`id`, `user_id`, `notes`, `price`, `rating`, `photo`, `date_sampled`, `beer_id`) VALUES (15, 9, 'Yum yum', 5, 7, 'https://www.dogfish.com/files/media/styles/beer_style/public/beer/Photo_DFH_ContinuallyHoppedVarietyPack_16.jpg?itok=9AaXOyyR', '2022-11-23', 10);
INSERT INTO `beer_tasting` (`id`, `user_id`, `notes`, `price`, `rating`, `photo`, `date_sampled`, `beer_id`) VALUES (16, 8, 'Not good', 5, 2, 'https://encrypted-tbn0.gstatic.com/images?q=tbn:ANd9GcS5VMM6h5dPC7oy8lzk4vL1_wjXZMwEK1CD6g&usqp=CAU', '2022-07-04', 12);
INSERT INTO `beer_tasting` (`id`, `user_id`, `notes`, `price`, `rating`, `photo`, `date_sampled`, `beer_id`) VALUES (17, 10, 'Beer and coffee? Great combo!', 9, 10, 'data:image/jpeg;base64,/9j/4AAQSkZJRgABAQAAAQABAAD/2wCEAAoHCBYVFRgWFhYYGBgaGhoYGBkYGhgYGhgaGhoZGRgYGBgcIS4lHB4rIRgYJjgmKy8xNTU1GiQ7QDs0Py40NTEBDAwMEA8QHhISHzQrJSs0NDQ2NDQ0NDQ0NDQ0NDQ0NDQ0NDQ2NDQ0NDQ0MTQ0NDQ0NDQ0NDQ0NDQ0NDQ0NDQ0NP/AABEIAOEA4QMBIgACEQEDEQH/xAAbAAABBQEBAAAAAAAAAAAAAAADAAIEBQYBB//EAEIQAAIBAgQDBAYIAgkFAQAAAAECAAMRBBIhMQVBUSIyYXEGE4GRobEjQlJyssHR8JLhFBUzNENigqLSJFNzwvFE/8QAGQEAAgMBAAAAAAAAAAAAAAAAAgMAAQQF/8QALBEAAgIBAwMDAgYDAAAAAAAAAAECEQMSITEEQVETImEUcSMyQoGx8KHB4f/aAAwDAQACEQMRAD8AuqbL/wBtl8jLL0rGbDUyPsjf2SqpFeVV/aP5S04+b4NNb2B1m7LFVt8/wY4SqaMNeKMBnbzms6iHQGK7h8oaBxPdbylIt8CFSyKegHyk/gmKV2XUXuPnIVFbovkJP4VRAYWAGo+c0Y6sRPg16sM76uNu5qNhyktKgGgqfxJf36SuGYO2XPy7uo2kgYhx9Zval/ynR02cia3HvZmOtJv9v5wxoG2i/wALyCcSc2uU+akQxxK21RD5EiW4vsBTM3xbvm99+eplXiTvJ/EHu58/OQcbMWblnVw7RRLwdRUpl27qqzN5AEn4CedYvMwVgvq02RO8wXldj4fvWelYBAUIYAqVIIOxBGoPsmD40uvgANIE9oIOK1SZWUE1+t7GYfIzmKQlr5iPPtW/iNz747DqYsSlyB4zNe42tgtViVUMwzIAi21DJdyGU9A2cEHa49kVjLHHoFp0QPsuT7W/+yt5zX+lfYzSVSaLLDLoJLpwFAaCSKYmKXJqhwEjDHmMlxQTLX0fp3cnoPnLo6sZA9HUsjt+9JPpw63IuB9pwiOvOGOigWxtoooo2gbLg4oooZmQjy+UbU4saqiiaZCi5LaAayo4XiVrlnPdU5UHLTnBY7iJV7Ja3M+MU82XJJxXP8CfRxxSkzvEcKBqlrDeV4M5WdnNy28i1qxQbX+cKXSSjC7tkj1UXKmTQYPE90+U5TcEA9ROYg9k+RmQ19guF7i+Qlpw0dpfMfOVWDPYXylvw3vDzHzmnGvchGR+1mlQkO3f5d06bCTFJ61PcDIX+I3ZJ27rW5CS1J5Bx/qnRaOLN7jCe0e03tQfpHOwA7w9qGDzNmPe98e7MR9bTyl1wAZPHd8+cg4yTcVq585Cxe8xZuWdfFwiwpPlpOeiN8jMXjMFUqMciO+u4BtoBz2m4opdCLXvYWOx1G/hF/RnbvVGUfZRVUW82BPutM3VZNEUh+CNtsxFL0bxW/qT/En/ACkXHcFxCWZqL2BGoXNb2re0264rD5gvr3JOWx9a1u0Lg6G3/wBEsBhyQGSs9iLjVHUg7d5b28jOd9RKzV6aPMcY96VK/Jqi+71Z/wDYyCguwmy9P6BWhSdgub1rKWQFcwZAbsOvY6mYrAuWcTpqeqCa8Iwyj73fkuaa2EkJBLDpMxoE0YI5okW5t7IyJTNPw5MlAeP5wrVAiljsBczrrZEXygaxFiDtaHFWyN0iKvHaJ+sR7DCLxakfriZGugzm2mp0gA4va5myGOIlzZt/6ypfbX3xTHZfExRnporWzWcMr5MOotZjf4yKbKCY98oawfs8r/lIlSi2bVuzEdPBt6hmfJCENKdtjqT3NzoPGPwOGFX1hDhQulzrcx+EYa3TNpbXYeM5XxioAqqL31tzMZnm40hPS9O520irx+IegR2gy23taA/r66m66W3vOcbf1hI3YahV2AlCrXDTI9LdpDpxlB6WzccJxKvTWx1G4l9w09oeY+cwPo0x9Zptl1m+4Z3h5j5xmNe5Cpu4MvKlYCo11B0HO3KSBiV+yP4oAn6RtuW48JKU/d/hM6dbHJnJeCOMSL90e+OfEix7PxMeNz/xirHsnf3QqBtXwZyobtIWK7w85NfvSDW7485zc3J1sfCLim4VAT+7AyBxbFZhTQEgO4UlSyuADrlItrcWI3sSdbScq3Cjzv8AD+cj8QwJZVZDZ0JdL3IJsbrluBrtc7AmczrZNzS7JG3pklG/LKylU0DKhUIjEplTKEJtlCfWUMgDG+a4FtDLDhmIytVQAhVCuqtmJUFRdL6hQLGw36C0jrhXL3OHObNqM/0ZcgvnvlzW1I6XPWWWAwbDO9Q9t7ZgLgKLDsWuQba6+JnNZq2Kb0/OfAq42FdD7ClVD8SJgOErdiZ6T6b0QOH1bbB6bcvtgH8U874MuhPjOtif4K+xhmvxGWqw4gVhQYKCOMZIwCZnUeMiky04BTvUv0EdEFl7iW7Vuglfj6mVGPhJLtdmMp+OVbJbqY2JUmZyrTB1vAol9b2jzUOonVcAWtHxnQlobZus7H+tEULWVR6FiCi3+hv5Ssf1RN7MDyVtpTYL0uykBk9t7wuK9KkJtkzdZmjllF0NlGLV7EjE4/6vdB6be+QqdEuctI5mG55CRcVxOkWBTY7qY3hGMpqXOcoSdLHSVkpe5bmiHUy06KS+UWXD1SnnSp2apvqefkZlXpEO6b62vJHEMcHbUl25NI+Abtm8pO1Yif5qNR6P4VUTN9Y7majhjajzHzma4U/YHmZY08QV2MKGSpWypwuNI2yqTUa19hsAeUn08M55N8BMzheJjcub+ELU42B9Zz7TOk5prZo5E8E3Ki/XBMSb6ebCcxWCshN18r3mVbjrdPfBPxmoRbMB7ILzJfq/wRdLkHO3aMgse2J01INW7YmOcrZ1IRpFm1VlOjIihdXc6czotxfTqRK+pxnDg9vGnypqhHwRj8Zl+O1icS+pNhlA3t9GAbdNSZnGOsyZcKlJtsbHK4pJI9Mp8fwh/wD01vc//CGTjOHPdxxHhUCAf7kU/Gea4aMqbxD6aIfrSPUfSMs+AxHaSopQNnpm1stRWF1uQRpuD7J57wpbJJWGxJFCqoJF6RXTmLi4+MFglsoj3DRjSF6tUmyWDH3g1MRaLQw7eaD0dSyu8zgaajha5aHnHRBYZdpnPSGr2lXwvNG20xfGq16jeGkatogSZEvExgw0V5FIAdeKNil6iEJKfaymcym5ETv2gfKcqPdyYosSrcHwjmUZAeYNoJWteOzdm3tlkOkaiSMCe3Io3knBmzyPgi5NVww9j2mTQ0rcHUCpflcxNxRB1MUrY9tJFvTdjoNTDNQe23uNzIHBOIZ3KhSOyTf2j9ZocsGeaUXQ7FgjOOopc0XrQOYgvSLAtdXQ2B0YePI+38pSnBPzYzTD3K0Z5xcZUX6YtCbBgTCUaql95nKeFsb3N5Jo07HcyNOyktiv4rVvXqn/ADMPdpKUnWTMQ12c9Wb5mQ+cF7sWSsNGVN4TDwVSB3CLHDHsN9wxlOuQITAC626rCtgukOdaUVFO20NTFdRHnErGHCkQT0DAUUFqaJSENaxmxy5URZiMBhiaiD/MPhNzW7wHQQ1GkROwOJeyk9AZgMTUuxPUzZcbr5abHqLTDvDl4BY8GINGiNL9IBQS8UFcxSEBUqfasY1U1IMc7doHyirGzyiDVXQ9Y99UB6G0Yh1M6h7LCQgidQY6m3agukfT70shZYZ2YWJk6nh185W0cHfmZbYOgFFhDil4CWruWfCMN27jpr8JpssreFYawzddvLrLQmwnP6mSc6XY6XTqokXFJmQiVD0rCW9RpW166XK5rEcpv6SUfTeoydWmpKive3SKn1toNT7JJKL0kXimIyoVG7aezn+ntluVvYTdIzQUZWJ3Oo/OQ8smYg/CRTFvkELTaDqRymNcwSy54UilSQbsLXHS7Wv4jb3yxCyk4RVIe32gVPjqG+aiXq66xklcE/2JB+5oaVnCsKViyxSGMfgkCsHtqJYjFdokjeQqSQhhamVSIPpBULoAovrrMw6kHUETV1FMZh0Rm7ZFhytf3xn5gdJmTQci4RrdbRgQjebyrjqaL2LHp0kF+II4s6IfIRscEpK0DLSu5kbxTR5aP2Pj/OKX9PMHVHyZFjoI6odoO86dZnLO31iU6GdUQo2lF0Rs0k4VLmRwhvLDCU7DWQiLCi0tuG0i7AAX5nylPTYec2PA8AUXM18zctso6QZ5NEbH446nRZ0E02t4R7nSdWCrtYaTnPd2dBbFfj62VWPgZjcRiGLEncy94vVJFup+Uo65HObsUWo0YeolcjtLGFeZ0kWvjS7XJkXEVLaDzjxh2CZyLDkTz8oxe0Q9wTPeNE4xiWRghAI1xCJOuJVlg6LWM02Cq3QHrv5j9/CZgDWXPC3IBHI6jzH7EdiadxfcB2vci4IjkEEj3AMMjRL2dGhboIBOtOQiyIhFdQxy5glxuYFMDWp3KZXB3sd5Ir0LyMKbL3SV8j+UlyTtFUnyDfEqD9JSZT1sbeekC+Q2yPe/I8pYLjqg0JVx0YfnGVHov36Nj9pP5R0eqlHlC5Yk+GC/q8/bT3xTv9EwvV/jFGfW/APomMCR4pmanFcMR9V7JlRiMKyGzD28pmsNxogrShVSFCxwWUUNRBDKsSyfwrAtWfKNFHeboOnnJdFxi26RO9HeG53zsOwp0/zN+g/Sa4CNw1AIoVRYAWEI0xZJ6mdHHBQjQ1mkXE1LAw7tKji+IyIx6fPl8YEVboKTpWUfEK2Z99FFvbz/AH4Stc3jgC251nRT6zoJUqObJ6nZUVWuxPj8tJIx3EmqBFOgRQoA02ketTKkhgV89PnI4l1e4O6DLHpAqYVGkZRKpLfaKoJO4NTDsASBfTWT+PcJSnYo4bTXlYxTktVBadrM5aWGHxRCZfEke3QyC4iV4xOnZRocBiAVsessE8JS4alaij82dwTysAmUfFoRKhGxtAlK5NjIqkXN49RKxMaRuLyVTxanwkjJBMlEmOSDDg7GPRppx8ipBWoqdxI9TCLyNpIzQVTebXCEuULtoj/0XxnYaxileji8E1SIt51lDCzC4kFMT1uJJWsLTmKSNLIGL4bbVPdKx7g2ImhaqJGxFJH30PWXaAcSqpLmYKNyQB5nSb7h9BKSBFG255k8yZj+G4UpWUnUC5v7NPnNhQe4iM0uxp6aFJyZOV4n1glIjnfTSZDSBZrbyG9FXJDgEHkdrg6SQ69Y1QLwounZTVkJsCi/4aaeH5GRKuLCd1VQjooBlvWFxMrxCr2rHrHRk5dwJRjFcGs4avaa+u2/mZYtw6g3eo02+8iE/ETM4PGOnbzZh9ZWtqNT2SNj56Hw3mtoNcAjYi4ip6k7F7MrjwfAsT9FR0Njawsehtax0+E4fRXBN/he56i/APIuI4SUzOzrbOHObYDNVOXQHT6Reux8Ldan2ncVEJd0NjmUXpuCq31+qjA2HvinkkuJMv04vsSqXohg79xv43PzaFr+iOEP1GHk5ne01RHDpZBYgFjqxKvr7Ba43XlCPhHLUmKAhFtoVPIWYXFxty1g+tO+SenHwQj6F4T7L/xtON6GYMAnIxIB3qP+TTQiQeIcSROzqzaXAt2QebE7fE+EYss75YGiPghVOEUUT1SIFQ3JFydb2DAsSbiwmFrLkZlO6kr7jaazivHEp2LdlgpsgOYnU9OXnMQ2LLEsdyST5nWasScrsHK4qKS5JGad9ZAB7xZ41w8CVIkpVI2Mk0eIEb6yvVxO2lJyi9i7TL+njVPhCh77TPq0NTqkc4+PUyXILii8zRSq/pLdYoz6pFaCvNcwJxJ5QTPpAl5lSCciaMSbRNiDIV45bmXRWo0XBGLhmOwsvt3/AEmgpaCVXA6GSkLixYlj7dB8AJaIZlyO5G/EqiiSjwhMCohM+kUMBtIztaSHMBUEhAVStMxxB71F++v4hL2qd5m8S16yffX8QjcS3FZXsarBcOzk9tlW/dst/LN0mmorYADYaWlPws6Hz/ISbicUEHPtXUFdw1tNP3tFzZUIuWyLBmADXtYC556fsGDLIWUaEuCV21A1/P4GZ7E4p7F2b6mVrbFdbk+/lpD4ZgiZ7XbMUBOuXnZb7G5J94iJNVdGn0Utm9y+wwpsCwy2vlvbcg6Dx1Nx5yXVAEo8LXUuEcZSO2cobQjKCGFrX8ZY4viCAjQ6mwOw6bk+MFbdhcsbbpbhVEouIYRyzDKWUsWDAK182wNyLEajoRl15C7pVFYXU3ANrja/nznah09q/iEbFtPYRJVyY/i/BFrMC10fLe4NwMxY2I2O/K0yXEeHPQfI4GuqsNQw6j9Jv8cT63Tkq/K8pPTEH1aHo5F/NT+k14p9ismJadRkC0QrETjGDYTSjIHSuIRK3SQjOBpfJRZpX6w61BKdKpEkLXBguKZak0WWfxnZXeuHWdg+mXrAs0aFJ21hqWFZt9BLCmioNN+stsijZHw2BNrudOks8FhwWCqNNz5SDmLH8po+H4XItj3iLt+QgSlSHY4WyWotoPZHiCe+4hPETK+TYPS/WGJkctadR5CgpME7R8E5gsIrsXpM2WviE++vzmkxhmaX+8p94fnH4u5nzdvubrhR7P7+yIF7u7sRlI0YA3uQp7QvbSwAPg3jHYE/Rns5tO710AIgaIAQjS2tyTcakXB0vm0A0Gsz5HyaOnW1jXIbs/aVsoP1tDb29kgjkpNtAYbhOLIDKxyIzvZ2NrFmY3B5Ag6G/jImi1FcAEBlJ21Xe2o21HkZG4/jvWta4CU8rKNVLXNuypAKkC/Ntbbay4xjJJfuXncoybrZ7GprUyjXsbuLM21yLXsBtewPtgcc+p0utluPO4vrsQdPaORtKvgrsCS7u66BS4ZSOex89fEnfcjxnE7sLDRjlVTfM+tsxN7Kt9r3OkBxeppDIy0pNl7wvE5TkZtB3AF7xbW9wOnz8JaYk9n3frKDCuQUYMq7rmaxAF739zS+xPd9/wCEmVDkV1UUna7lRXW9V/DKP9iyt9KVH9Ge/LIR551H5mFxGNUV6i31DAf7VlL6VcSGT1QvmbKx0IGUG4sedyOXQx2OLc0DJpYnfgyzRhM6TGsZvRzRpjTOkxsIo7FecikIdvFORSELqpW5CNW5IAFyeXWMwmHeqbIDfmdlA8TNRw7hq09d2tqT+XSJlJRHwhKT+APDOH5DmfVvwydVftW8I8aXEBieRmaUrNkYqKpD0qXnQ0hsbG8eKkGiWTAY4GRUe8KJCB7xjmNUxpeUwiDjGmbp/wB5TzPwBmhxO8z+HX/qQfP8JjsXD+xnzdvubjhvc031hqVcN2a1LL3jm0K6AHfkTrz5QPDWAQX01P4jOYXirFmzNTCqXzIbq6ohIzHXW9r7DfeJbW9ouN7UyWcNhs5S5VgbWGbeynTcfXX3x9HhoZgVcFEAKEEFsxYscy2tyXXwnKPEFLJnoMhcjIxyHXLmAaxzA2TpyhcDjKJPYV+1YZsj5WyE27RFrDW2sFuKVoP1MnkZg+FXHacL2mCgMGuoYhTfTWwGkT+j9LMSX5Zfq6A6WHIXufeY7D/0ZyuRiSL5T2uubQkWI0h6WJoWOViRlDFsptlQlwc1raXPnBcki/UyOrEmFogqC4c37ILKb6INhuAAvvk3E7Aef4WkHh1OixuiOtgCCyul9rWDb6AcpOxHLz/l+ciq9gJylL8zM5UoA1Ha27n9JV+l2BzURUUaodfutofjl+MuEcEt95vxGM4ow9RVB2KPf+ExmOTUkPlFPG18HmpMaTEY0mdBHKFEZy85CKOzsbeK8hB0UbFIQ9Dw2GRBZRYfv4yQHkUvppO5pz3Js6iVBKr2PnpGubi0ZUFwYNKlxKLZHR9SpjybRmJS+o3EGlU/y5iHVgMkpVEOKt9pBzg67GGRyJKJZLZ9IwtBBrzhMBhIBXFzKemv0/sb5TQer0Mo6I+nP3WjMb5FZVwXNVATSzLmQsysLXAZzZWI6DUX5XkrCYkrTGdA9MM1MuWBYL6xkW6kdoWy3N9oPENUFA+qF2tp4XOpHiBD0eD1Cq0zU+hXKSgUZmK2JGboWFzz1ip138/P97lL4Jq4fCq+VXVKliqrnN1zCxyqWsrW6CSaWAoqrU6RRHyZSVC5wpFgx5k6bnnKmpgXKPh/VXzOzetutgGbPmYd7MBptyGsfjMKlGtTIQoihmzU1JZnuAEYqCcpHI6GJdPa/wDfH94DWxOpJRANCk+V2Vk7JLlcos11vZSPZAulNA1BqoBYKlkRuyDoFNywFxpbTeAosDXNTEIUDhPUkg9nKxsrFe6xuDY9bR+BxqqzvmZqju5OHVRow7IzEi66KDmJAgOL+f8Av3LRZYSvSw7CiWOZ7EdhVXU5VHZUAXy6X10ljiT3f3zX9ZUVcFVVVfKHqGoruoNgQAyqis3JbqfGxO5k5EcKucgucxNthdlIUeAGl/CHBgSRnadJ0V2ALAFmy/WIuTYX3Mz/ABHjLYhfV0kaxtmJtcjcDTYTc0QBcmZXC4ZEFlFheasKT3a3JmlJJJPZlGvAKpF+z5XkXE8LqpqyG3Uaj4Ta0zJKGadRl0HmZE4ZteK+j6VO0nYf4HzEyWMwr02yutj8D4gw1JMXKLRGiiIihFCiivFIQ3yxwMbedE551TqtA1DZvA/OOvrBVtRaRIgmeAZTuN/nDBrgRKNfOEC0CQ5vA9IVAROOgDA9dIdRaSyJHUF9odUtOUoUmLbCQNpQlP8AqD90n4iXdV7ShqYoLiATsRlv0uRv7ozEnYrK1RqOHsCtumnulphqhLMOlud9xfUcpWYBbKPIfKWGEtmba+g0325jr++UGSVsBBcNjHJUGkRe2pO3aZTy/wAqn/VO/wBYDLmam66E2O9gyr/7X9kr8fxdqdXIFFiEsToFLOy3Y9NBy3M7h+PlnyBNSzqvasSUP1gV7N/M25xTSfbYKvkuXxKB8hvmsG20sTlGvnCUKiMezvYEi2oBvYkeNpVJxpiiv6o9pgijMtyS2UW9o+F5dU1A1AAva9rDbYQNMW+NyO13OUqwcXBBFyNDfb+VvfA4l7Efvci0Zw4g0wQbg3IIUJ/tEY4tcsdrnoALH/jzjIrcFvYzdbHFhYaD4mBURix6zUqiqQDbluwqGHQyOIVDKslEpTIvEuHJWQqw15HmDDoYUGXqJVnmuOwjUnKOLEbHkR1EjT0DjnDRWTo47p/I+EwNSmVJUixBsR0MfGWozzjpY20UUUME3xnRFFOejqsG0YYopCgVLY+cKdv31iilsgzE7DzEONoopCIJThWiigMIi4qZXi/fPlORR2Hkz5uDccH/ALJPur8pNwH9pU/0/KKKBLlgrgfiu+33V/EY6n3086nzE7FMk+49cFLxD+xw/wD5G+bTZ0u6Iopa5X7gPuElT6Qf2NX/AMbfheKKOhyLZmBHrOxTQwEPhKUUUoIkLCLFFKLOVdjMB6Rf3h/Z8p2KNxcisvBWxRRTQZz/2Q==', '2022-04-018', 13);
INSERT INTO `beer_tasting` (`id`, `user_id`, `notes`, `price`, `rating`, `photo`, `date_sampled`, `beer_id`) VALUES (18, 9, 'For sure, try on tap', 3.5, 8, 'https://cdn11.bigcommerce.com/s-41e84jdtvf/images/stencil/1280x1280/products/43342/83846/56265__62204.1642966638.jpg?c=1', '2023-01-07', 16);

COMMIT;


-- -----------------------------------------------------
-- Data for table `wine_type`
-- -----------------------------------------------------
START TRANSACTION;
USE `sipdb`;
INSERT INTO `wine_type` (`id`, `name`, `description`, `wine_scale`, `wine_color`) VALUES (1, 'Pinot Noir', NULL, 'Dry', 'Red');
INSERT INTO `wine_type` (`id`, `name`, `description`, `wine_scale`, `wine_color`) VALUES (2, 'Merlot', NULL, 'Dry', 'Red');
INSERT INTO `wine_type` (`id`, `name`, `description`, `wine_scale`, `wine_color`) VALUES (3, 'Cabernet Sauvignon\n', NULL, 'Dry', 'Red');
INSERT INTO `wine_type` (`id`, `name`, `description`, `wine_scale`, `wine_color`) VALUES (4, 'Chardonnay', NULL, 'Dry', 'White');
INSERT INTO `wine_type` (`id`, `name`, `description`, `wine_scale`, `wine_color`) VALUES (5, 'Pinot Grigio', NULL, 'Semi-Sweet', 'White');
INSERT INTO `wine_type` (`id`, `name`, `description`, `wine_scale`, `wine_color`) VALUES (6, 'Moscato', NULL, 'Sweet', 'White');
INSERT INTO `wine_type` (`id`, `name`, `description`, `wine_scale`, `wine_color`) VALUES (7, 'Rosé', NULL, 'Dry', 'Pink');

COMMIT;


-- -----------------------------------------------------
-- Data for table `wine`
-- -----------------------------------------------------
START TRANSACTION;
USE `sipdb`;
INSERT INTO `wine` (`id`, `name`, `description`, `wine_type_id`, `image_url`, `vineyard_name`, `vineyard_location`, `vintage_year`, `abv`) VALUES (1, 'Coppola', NULL, 3, NULL, 'Coppola Vineyard', 'California', 2017, 13.5);
INSERT INTO `wine` (`id`, `name`, `description`, `wine_type_id`, `image_url`, `vineyard_name`, `vineyard_location`, `vintage_year`, `abv`) VALUES (2, 'Decoy', NULL, 2, NULL, 'Decoy', 'California', 2019, 13.5);
INSERT INTO `wine` (`id`, `name`, `description`, `wine_type_id`, `image_url`, `vineyard_name`, `vineyard_location`, `vintage_year`, `abv`) VALUES (3, 'Bearfoot', NULL, 1, NULL, 'Bearfoot', 'California', 2018, 13.5);
INSERT INTO `wine` (`id`, `name`, `description`, `wine_type_id`, `image_url`, `vineyard_name`, `vineyard_location`, `vintage_year`, `abv`) VALUES (4, 'Vonterra', NULL, 4, NULL, 'Copeland', 'California', 2020, 13.5);
INSERT INTO `wine` (`id`, `name`, `description`, `wine_type_id`, `image_url`, `vineyard_name`, `vineyard_location`, `vintage_year`, `abv`) VALUES (5, 'Bella Sera', NULL, 5, NULL, NULL, 'Italy', 2021, 11.5);
INSERT INTO `wine` (`id`, `name`, `description`, `wine_type_id`, `image_url`, `vineyard_name`, `vineyard_location`, `vintage_year`, `abv`) VALUES (6, 'Capa', NULL, 6, NULL, NULL, 'Spain', 2020, 11);
INSERT INTO `wine` (`id`, `name`, `description`, `wine_type_id`, `image_url`, `vineyard_name`, `vineyard_location`, `vintage_year`, `abv`) VALUES (7, 'Beringer Founder\'s Estate', NULL, 3, NULL, NULL, 'California', 2020, 13.8);
INSERT INTO `wine` (`id`, `name`, `description`, `wine_type_id`, `image_url`, `vineyard_name`, `vineyard_location`, `vintage_year`, `abv`) VALUES (8, 'Kendall Jackson Vintner\'s Reserve ', NULL, 4, NULL, 'Kendall-Jackson', 'California', 2021, 13.5);
INSERT INTO `wine` (`id`, `name`, `description`, `wine_type_id`, `image_url`, `vineyard_name`, `vineyard_location`, `vintage_year`, `abv`) VALUES (9, 'Gerard Bertrand Cote des Roses', NULL, 7, NULL, 'Languedoc', 'Grance', 2019, 13);
INSERT INTO `wine` (`id`, `name`, `description`, `wine_type_id`, `image_url`, `vineyard_name`, `vineyard_location`, `vintage_year`, `abv`) VALUES (10, 'Rev', 'Multi-vintage and multi-vineyard blend of 35% Cabernet Frac, 25% Cabernet Sauvignon, 25% Chambourcin, and 15% Petit Verdot. Aged in oak barrels for up to 36 months.', 2, NULL, 'Old Westminster Winery', 'Maryland', 2018, 13.5);
INSERT INTO `wine` (`id`, `name`, `description`, `wine_type_id`, `image_url`, `vineyard_name`, `vineyard_location`, `vintage_year`, `abv`) VALUES (11, 'Rebel Red', 'Sweet concord blend is our most popular red wine. The taste resembles that of a freshly picked grape.', 1, NULL, 'Adams County Winery', 'Gettysbury, PA', 2018, 12);

COMMIT;


-- -----------------------------------------------------
-- Data for table `spirit_type`
-- -----------------------------------------------------
START TRANSACTION;
USE `sipdb`;
INSERT INTO `spirit_type` (`id`, `name`) VALUES (1, 'Whiskey');
INSERT INTO `spirit_type` (`id`, `name`) VALUES (2, 'Bourbon');
INSERT INTO `spirit_type` (`id`, `name`) VALUES (3 , 'Vodka');
INSERT INTO `spirit_type` (`id`, `name`) VALUES (4, 'Gin');
INSERT INTO `spirit_type` (`id`, `name`) VALUES (5, 'Rum');
INSERT INTO `spirit_type` (`id`, `name`) VALUES (6, 'Tequila');
INSERT INTO `spirit_type` (`id`, `name`) VALUES (7, 'Scotch');

COMMIT;


-- -----------------------------------------------------
-- Data for table `spirit`
-- -----------------------------------------------------
START TRANSACTION;
USE `sipdb`;
INSERT INTO `spirit` (`id`, `spirit_type_id`, `name`, `description`, `image_url`, `proof`, `origin_country`, `origin_state_province`) VALUES (1, 3, 'Tito\'s', NULL, NULL, 80, 'United States', 'Texas');
INSERT INTO `spirit` (`id`, `spirit_type_id`, `name`, `description`, `image_url`, `proof`, `origin_country`, `origin_state_province`) VALUES (2, 1, 'Jack Daniel\'s', NULL, NULL, 80, 'United States', 'Tennessee');
INSERT INTO `spirit` (`id`, `spirit_type_id`, `name`, `description`, `image_url`, `proof`, `origin_country`, `origin_state_province`) VALUES (3, 2, 'Bulleit', NULL, NULL, 90, 'United States', 'Kentucky');
INSERT INTO `spirit` (`id`, `spirit_type_id`, `name`, `description`, `image_url`, `proof`, `origin_country`, `origin_state_province`) VALUES (4, 4, 'Hendrick\'s', NULL, NULL, 80, 'Scotland', NULL);
INSERT INTO `spirit` (`id`, `spirit_type_id`, `name`, `description`, `image_url`, `proof`, `origin_country`, `origin_state_province`) VALUES (5, 5, 'Captain Morgan', NULL, NULL, 70, 'Jamaica', NULL);
INSERT INTO `spirit` (`id`, `spirit_type_id`, `name`, `description`, `image_url`, `proof`, `origin_country`, `origin_state_province`) VALUES (6, 6, 'Don Juilo', NULL, NULL, 80, 'Mexico', NULL);
INSERT INTO `spirit` (`id`, `spirit_type_id`, `name`, `description`, `image_url`, `proof`, `origin_country`, `origin_state_province`) VALUES (7, 7, 'Glenfiddich', NULL, NULL, 80, 'Scotland', NULL);
INSERT INTO `spirit` (`id`, `spirit_type_id`, `name`, `description`, `image_url`, `proof`, `origin_country`, `origin_state_province`) VALUES (8, 3, 'Grey Goose', NULL, NULL, 80, 'France', NULL);
INSERT INTO `spirit` (`id`, `spirit_type_id`, `name`, `description`, `image_url`, `proof`, `origin_country`, `origin_state_province`) VALUES (9, 3, 'Smirnoff', NULL, NULL, 80, 'United States', 'Illinois');
INSERT INTO `spirit` (`id`, `spirit_type_id`, `name`, `description`, `image_url`, `proof`, `origin_country`, `origin_state_province`) VALUES (10, 3, 'Absolut', NULL, NULL, 80, 'Sweden', NULL);
INSERT INTO `spirit` (`id`, `spirit_type_id`, `name`, `description`, `image_url`, `proof`, `origin_country`, `origin_state_province`) VALUES (11, 3, 'Kettle One', NULL, NULL, 80, 'Netherlands', NULL);
INSERT INTO `spirit` (`id`, `spirit_type_id`, `name`, `description`, `image_url`, `proof`, `origin_country`, `origin_state_province`) VALUES (12, 4, 'Bombay Sapphire', NULL, NULL, 94, 'England', NULL);
INSERT INTO `spirit` (`id`, `spirit_type_id`, `name`, `description`, `image_url`, `proof`, `origin_country`, `origin_state_province`) VALUES (13, 4, 'Gordon\'s', NULL, NULL, 75, 'Scotland', NULL);
INSERT INTO `spirit` (`id`, `spirit_type_id`, `name`, `description`, `image_url`, `proof`, `origin_country`, `origin_state_province`) VALUES (14, 4, 'Tanqueray', NULL, NULL, 94.6, 'Scotland', NULL);
INSERT INTO `spirit` (`id`, `spirit_type_id`, `name`, `description`, `image_url`, `proof`, `origin_country`, `origin_state_province`) VALUES (15, 4, 'Beefeater', NULL, NULL, 80, 'England', 'London');
INSERT INTO `spirit` (`id`, `spirit_type_id`, `name`, `description`, `image_url`, `proof`, `origin_country`, `origin_state_province`) VALUES (16, 5, 'Bacardi', NULL, NULL, 80, 'Cuba', NULL);
INSERT INTO `spirit` (`id`, `spirit_type_id`, `name`, `description`, `image_url`, `proof`, `origin_country`, `origin_state_province`) VALUES (17, 5, 'Malibu', NULL, NULL, 42, 'Barbados', NULL);
INSERT INTO `spirit` (`id`, `spirit_type_id`, `name`, `description`, `image_url`, `proof`, `origin_country`, `origin_state_province`) VALUES (18, 5, 'Don Q', NULL, NULL, 80, 'United States', 'Puerto Rico');
INSERT INTO `spirit` (`id`, `spirit_type_id`, `name`, `description`, `image_url`, `proof`, `origin_country`, `origin_state_province`) VALUES (19, 5, 'Appleton', NULL, NULL, 80, 'Jamaica', NULL);
INSERT INTO `spirit` (`id`, `spirit_type_id`, `name`, `description`, `image_url`, `proof`, `origin_country`, `origin_state_province`) VALUES (20, 1, 'Makers Mark', NULL, NULL, 90, 'United States', 'Kentucky');
INSERT INTO `spirit` (`id`, `spirit_type_id`, `name`, `description`, `image_url`, `proof`, `origin_country`, `origin_state_province`) VALUES (21, 1, 'Jameson', NULL, NULL, 80, 'Ireland', NULL);
INSERT INTO `spirit` (`id`, `spirit_type_id`, `name`, `description`, `image_url`, `proof`, `origin_country`, `origin_state_province`) VALUES (22, 1, 'Evan Williams', NULL, NULL, 86, 'United States', 'Kentucky');
INSERT INTO `spirit` (`id`, `spirit_type_id`, `name`, `description`, `image_url`, `proof`, `origin_country`, `origin_state_province`) VALUES (23, 1, 'Jim Bean', NULL, NULL, 80, 'United States', 'Kentucky');
INSERT INTO `spirit` (`id`, `spirit_type_id`, `name`, `description`, `image_url`, `proof`, `origin_country`, `origin_state_province`) VALUES (24, 2, 'Buffalo Trace', NULL, NULL, 90, 'United States', 'Kentucky');
INSERT INTO `spirit` (`id`, `spirit_type_id`, `name`, `description`, `image_url`, `proof`, `origin_country`, `origin_state_province`) VALUES (25, 2, 'Angels Envy', NULL, NULL, 87, 'United States', 'Kentucky');
INSERT INTO `spirit` (`id`, `spirit_type_id`, `name`, `description`, `image_url`, `proof`, `origin_country`, `origin_state_province`) VALUES (26, 2, 'Knob Creek', NULL, NULL, 90, 'United States', 'Kentucky');
INSERT INTO `spirit` (`id`, `spirit_type_id`, `name`, `description`, `image_url`, `proof`, `origin_country`, `origin_state_province`) VALUES (27, 2, 'Elijah Craig', NULL, NULL, 94, 'United States', 'Kentucky');
INSERT INTO `spirit` (`id`, `spirit_type_id`, `name`, `description`, `image_url`, `proof`, `origin_country`, `origin_state_province`) VALUES (28, 6, 'Casamigos', NULL, NULL, 80, 'Mexico', NULL);
INSERT INTO `spirit` (`id`, `spirit_type_id`, `name`, `description`, `image_url`, `proof`, `origin_country`, `origin_state_province`) VALUES (29, 6, 'Epsolon', NULL, NULL, 80, 'Mexico', NULL);
INSERT INTO `spirit` (`id`, `spirit_type_id`, `name`, `description`, `image_url`, `proof`, `origin_country`, `origin_state_province`) VALUES (30, 6, 'Milagro', NULL, NULL, 80, 'Mexico', NULL);
INSERT INTO `spirit` (`id`, `spirit_type_id`, `name`, `description`, `image_url`, `proof`, `origin_country`, `origin_state_province`) VALUES (31, 6, 'Patron', NULL, NULL, 80, 'Mexico', NULL);
INSERT INTO `spirit` (`id`, `spirit_type_id`, `name`, `description`, `image_url`, `proof`, `origin_country`, `origin_state_province`) VALUES (32, 7, 'Glenlivet', NULL, NULL, 80, 'Scotland', NULL);
INSERT INTO `spirit` (`id`, `spirit_type_id`, `name`, `description`, `image_url`, `proof`, `origin_country`, `origin_state_province`) VALUES (33, 7, 'Macallon', NULL, NULL, 86, 'Scotland', NULL);
INSERT INTO `spirit` (`id`, `spirit_type_id`, `name`, `description`, `image_url`, `proof`, `origin_country`, `origin_state_province`) VALUES (34, 7, 'Dewars', NULL, NULL, 80, 'Scotland', NULL);
INSERT INTO `spirit` (`id`, `spirit_type_id`, `name`, `description`, `image_url`, `proof`, `origin_country`, `origin_state_province`) VALUES (35, 7, 'Johnnie Walker', NULL, NULL, 80, 'Scotland', NULL);
INSERT INTO `spirit` (`id`, `spirit_type_id`, `name`, `description`, `image_url`, `proof`, `origin_country`, `origin_state_province`) VALUES (36, 1, 'Dad\'s Hat Rye', 'Our classic rye recipe features only rye grain and malt to deliver a pure expression of Pennsylvania Rye Whiskey. Barrel aging for least six months in charred, new oak quarter casks allows the genuine rye flavor to evolve quickly. As a result, the small batch whiskey is ensured of reaching the right balance of complexity and smoothness. The final product is a very smooth spirit that delivers the up-front spice that rye is known for while finishing with a full, round mouthfeel.', NULL, 80, 'United States', 'Pennsylvania');
INSERT INTO `spirit` (`id`, `spirit_type_id`, `name`, `description`, `image_url`, `proof`, `origin_country`, `origin_state_province`) VALUES (37, 1, 'McLaughlin Devil\'s Juice #5', 'You have never tasted anything like our Devil\'s Juice #5. It starts with our artisan whiskey aged in a used bourbon barrel and flavored with toasted hickory wood. It\'s flavor intensity is off the charts and hits you like a punch in the face. If bourbon is a 7 out of 10 on a flavor intensity scale, Devil\'s Juice #5 is a 28. Not for the faint hearted but it is a favorite of seasoned whiskey drinkers. Distilled from grain.', NULL, 120, 'United States', 'Pennsylvania');

COMMIT;


-- -----------------------------------------------------
-- Data for table `location_brewery`
-- -----------------------------------------------------
START TRANSACTION;
USE `sipdb`;
INSERT INTO `location_brewery` (`id`, `name`, `description`, `image_url`, `address_id`) VALUES (1, 'Bob\'s Brews', NULL, NULL, 1);
INSERT INTO `location_brewery` (`id`, `name`, `description`, `image_url`, `address_id`) VALUES (2, 'Casey\'s Brewery', NULL, NULL, 2);
INSERT INTO `location_brewery` (`id`, `name`, `description`, `image_url`, `address_id`) VALUES (3, 'The Revolution', NULL, NULL, 3);

COMMIT;


-- -----------------------------------------------------
-- Data for table `wine_tasting`
-- -----------------------------------------------------
START TRANSACTION;
USE `sipdb`;
INSERT INTO `wine_tasting` (`id`, `user_id`, `notes`, `price`, `rating`, `photo`, `date_sampled`, `wine_id`) VALUES (1, 1, NULL, 8, 8, NULL, '2022-12-25', 1);
INSERT INTO `wine_tasting` (`id`, `user_id`, `notes`, `price`, `rating`, `photo`, `date_sampled`, `wine_id`) VALUES (2, 5, NULL, 4, 7, NULL, '2022-12-15', 3);
INSERT INTO `wine_tasting` (`id`, `user_id`, `notes`, `price`, `rating`, `photo`, `date_sampled`, `wine_id`) VALUES (3, 4, NULL, 8, 9, NULL, '2022-02-18', 8);
INSERT INTO `wine_tasting` (`id`, `user_id`, `notes`, `price`, `rating`, `photo`, `date_sampled`, `wine_id`) VALUES (4, 5, NULL, 12, 5, NULL, '2022-07-06', 7);
INSERT INTO `wine_tasting` (`id`, `user_id`, `notes`, `price`, `rating`, `photo`, `date_sampled`, `wine_id`) VALUES (5, 6, NULL, 8, 4, NULL, '2022-11-14', 2);
INSERT INTO `wine_tasting` (`id`, `user_id`, `notes`, `price`, `rating`, `photo`, `date_sampled`, `wine_id`) VALUES (6, 2, NULL, 10, 9, NULL, '2022-11-09', 3);
INSERT INTO `wine_tasting` (`id`, `user_id`, `notes`, `price`, `rating`, `photo`, `date_sampled`, `wine_id`) VALUES (7, 3, NULL, 11, 10, NULL, '2022-05-12', 4);
INSERT INTO `wine_tasting` (`id`, `user_id`, `notes`, `price`, `rating`, `photo`, `date_sampled`, `wine_id`) VALUES (8, 7, 'My absolute favorite wine from when I worked at a bar!', 12, 10, NULL, '2021-08-21', 8);
INSERT INTO `wine_tasting` (`id`, `user_id`, `notes`, `price`, `rating`, `photo`, `date_sampled`, `wine_id`) VALUES (9, 8, 'Sampled in green house and Lindsay\'s birthday!', 10, 7, 'https://www.wine-searcher.com/images/labels/82/49/11178249.jpg?width=260&height=260&fit=bounds&canvas=260,260', '2023-01-07', 10);
INSERT INTO `wine_tasting` (`id`, `user_id`, `notes`, `price`, `rating`, `photo`, `date_sampled`, `wine_id`) VALUES (10, 8, 'Spooky Wine!', 8, 7, 'data:image/jpeg;base64,/9j/4AAQSkZJRgABAQAAAQABAAD/2wCEAAoHCBYVFRgWFhYYGBgaGBodGBwaHBwcGBkaIRocGhwaGRwcIS4lHB4sIRwYJzgnKy8xNTU1GiQ7QDs0Py40NTEBDAwMEA8QHBISGjEhGiE0NDQ0NDQ0NDQxNDQ0NDE0NDExNDQxMTQ0NDQ0MTQ0MTo/MT80NDQ0MTQ/MTQ/QD8xNP/AABEIAQMAwgMBIgACEQEDEQH/xAAcAAACAgMBAQAAAAAAAAAAAAADBAAFAgYHAQj/xABDEAACAQIEAwUFBQYEBgIDAAABAhEAAwQSITEFQVEiYXGBkQYTMqGxQlLB0fAHFCNysuFigpLxFRYzY6LCJENTc9L/xAAZAQADAQEBAAAAAAAAAAAAAAAAAQIDBAX/xAAkEQEBAAICAgICAwEBAAAAAAAAAQIRITEDEkFhBDITIlFCBf/aAAwDAQACEQMRAD8Avf2RXs3DlH3LtxfVs/8A7VuzVzf9idycNiF+7fDf6kX/APmuktXPn+1bY9BkVg367qI1YGkbQP2rW5s2m6XCPVT+Vcru12H9ptqcHMfDcQ+sr+NciTDM4dlUkIuZo5LmCz6sK38fTPLso1eCrTC8He4gcPaXMxVVd8rMwiQNI5jc0HBcOd3dFBDorswOhlN18ZgeNa7iSaWWYwqsx6AE1YpwvIme7cFlpOVCpZ2EbgDYaxrQMNhbjpcdCx93lLgEzlM9rTpGtQ8Nb3SXWMC4+RZ6Rqx7vyNTThS8E5Mx8gPxNBVgDMkRt48qseM4NLTZFFyQTJdQFYfeSDqDQcPYRU95cDMC5RFU5ZIALEtrAEilsUe3xa45Cvfu5SQGMiADoTvWHG8PYDzYdMmUCJM5hoYkeFDw1u2Ee4ysyhwiJmgkkFu0wGwA5b17+6ozoyghLgudknVWUHSeY2IpBVkeFeU7hrClLZI1a9kbvXsafM0W/gVVbjr2kgZG5qc4DK3RhP409lojb3pzDfEv8y/UUR7iD3RKIAVDPlBk9plPPoJ8aJdtBHRBBKkZiOZJkfKPnU2rxjoQogrAURa566olcu4q/wDHuH/uP/VXUq5Rj9btz/8AY/8AUavD5R5fhFuksANyQKuuN4l1ZLbj4VBHgf8Aatcd4IjlWdzFuzZ2Ys0RJ10q7hLZWVzpr36/dqUr76pT9Yj2rqv7EbvaxSd1pv61P0FdWNci/Y+uTGYq3/2481uEfjXXmFZ59qx6YNQ2FEasGqVNa9vrWbA3u4K3owNct4NxC1YRi4Lm44UorAH3YVs2aQZBz7dV7q697U28+ExC/wDaePJSa4Kxrbx9M8u1xbSy1s22vqq277MrZWYuhVRKgDfTnXo40ivfuqgZ3uIUVp7KKc2YlSO0WCadxqgNFwlxVcF1DLMMDOx0J05jetdJ2tE4qltrzWpU3MjII0VswZ0P+HVh3il8ZxYXEKFMo94jIq/AiKhTIv19aJj8OiITCFsiowGoD/EWXX7sa9aRwCznEA/w2ImDERqJ57+tKw9i47G2za90guRnzTcKnLoRlQLsDOvhS2FxaqhS4nvELZgA2VlaIkEToRGndXuBPbMhSCj6NAB7J0k7GY76HjHUqgUyAG0O6y0wevjSDO1jFGce7BtsQchYnKRsQ+4O+vfQ3xjF0ZFCi38CgEgDczzM8yaKj/wcucD4pGaNJB+GNZ1oWBvBCxYwIHXfMD9nwNBMHxTMUCIqhWzKqg6tI13k7Che+cKw1CvqRyMGZHgaExMzOs7jTzHSiYq4GaRtAjSOWunjNGht5nLBQfsiB4ST+Jpy3cLOCd5X8BSKU3h/iX+YfWlV4umiiCsBWYNczqj01yTHv/Fufzv/AFGutVyHG63H/mb+o1r4vll57xAjrXlQGpWrmSpUqUB1v2IX3fGsSm0i/wD1ow+U11omuSWX937Qg8rh/rsk/UCusmsMvhrHh/UUMiiNQmNSZbH289t1+8jD1Uivndlr6Oc1VHg2GG2Hta/4F/Krxy9U2bcArECvoD/h1kbWkHgi/lWJwyDZF/0jWtP5fovVwM2mOwJ8AayXBudkc/5W/Ku7tl5AegoLv3fSl/J9D1cRHC7x/wDpuf6G/Kvf+B4k7WLn+kj612l3/v8AoUpcfy/XfR7/AEPVyRPZ7E//AIX84/Os/wDlfFH/AOuPFl/OupO9Ac0e9P1jmw9ksSfsoPFvyFZL7I3+bIPMn8K6Ax9POhM1L2qphGmW/ZFxvcQeRpuz7LQQTc9F/vWyFqxmouVXMZBhWQNBBrMGoaQSa5RewTlXu5TkDsC3KZrq3KuUXse+RrWY5M5Yr1M8608fyy8/wTrypFekVu5mWRvun0qU2nF7qgKGMAQNthoOVSp3Tb97QYrJxTC3QIGe0PLPkJ9DXaK4d+0AwbNxYJUN6ghh867Vgb4e2jjZ0VvVQfxrCzWMXjd8jsKGwohrBqSwHX9TQmTyphqG36/QoIk6n+9LuP1NWD+XhFLn9dKYKMp/X+1LXbZp5/Ogv4EeVMybWjH6mk7qNPPuFWb/AD/XpStyiAi9s/nNCZIppxQGoBdh+gaCwo7DvoTfrpSqoCVqBayavKS4yC1lFeCshSVHtcevfE38zfU12BjArjjNqe8mtfF8sfP8PDXhr2vSK2c7CpWUVKA6p+0Ph4TDW8qwFeJ/mH9q3r9n2K95w/DNuQmQ+KEp66Vr/wC0HDzgnP3WQ/8AlH401+x29mwBX7l9x65W/wDY14//AJvlvk/H3l3K6fLNZcN8isG86ruFcT9695Dvbcx3psPmDVg3lXchg4oTevhRjQmNAAc0o9ydOXnTb/rSgOv6NMAOfrt0oTfqaM57/wABQWPd9aYBf0pZz30y1LP40Au/r07vwpdqO/65UvcO8/rxoMFqGwpDFcUEsifFAE6aE6fiPWgHFM1gMslhEzvHOKKqLE0lxDiduzGdtTso1Y+XSvMFchTJncid4AFahjrzsxd2zZjsDoo3CmO47USbVbpeH2mzfAkfzHU+Q29aDZ4timOygdQjEeUUHgyIz7Qusjw6z+tatsdjFX+FaVQSO0dgq8zHWKLpUGXiLjs3Fy5pAOokx0NcwFbelrtxmJgmDyygE+ugrVMv0FXhxtl5udMKlRqi1qwSpWXuz0qUhqu2+0/ELV3B3kVu0UMDnI1/CvP2Jn/42IXpfn1tp+VO8R9lVKuymOy2nkarP2LvFvFL0e23qhH/AK15/wCJ+Nj+PhcMbbLd8tssrld1bcCGTHuBswuD0M/ga3Fq0612Mcp63HHrmH41uTV0UUMihN5ULHYsIVX7TkhdJExz7qrl4x/BFxlgy0jYDK2U7+Z8jRolgw/UUB/130qnFU7AYiWQt3ab/j6UxZuh1DLsdtI86NBg/pQLlHegP+tN6YBf9RS1ymmpW5QC1xqXukAGdBz5AeJNVeK4i7XXQAgAAqep0P4H0pf2sztYypBDDtKYBI01BPMdKchl8TbVR722bbgGRBJBkwRoDpz7jSiXMqiDDKDInnABXvI2nvml/ZmwUU9DIZftSRIYgbcx4a0zinVWDAMyq8gREjLzmAIaNdqdhyio5VGiRCTJEQdp19OmlUiZQCqIGIYmCexIVZg/a1nQdavbF1Wz54grGVZIAOkZoy8+Va+z3MOSPd50BORmWTrzzDY1MVTmPvX7dlTkRAIlpGZiTICjptp3VS2cQ5cuwZiTLkD8uVZ8Q4qbqopEZBr37a/KrPCY5HT3dsBXaMxbYxOgA1OtV1Oi4t7FxYQKzhtTO2ywCIFavbtzHhW4WEDJde5BYAgCIiFIzRynT0qhwmHBRT1ApY3UGc3YR/d16V4iAE6U/cw+mlIAb1Uu0dM5qULNUp6G30wwkEddK5v+yy77vF4uz3Aj/I7Kf6hW+++eTIEVzDgt/wBzxtlOguNcU/5hnHzUVnidbpxRwmIJj4bgPrBmtmxeOCCYka/KPTfnSmLwodiTzP1WKQxmOIUsQIiP/EiT5iP8w6UA1j7gdUu2xJEneNB8Snv06cjVauNV8MSIydrkZKliNQecyPE0jjOKG1hrrrMzos5T2jGdYMiJjy76rfYzF5cLdViNHJUO2uX4pUE6ACTAHWnollj7a+8KnsJbyDTT7PaGn2QDMjvrwcVPvOw38JQAB1AmSwYTPLxXv09x7LcKpEOWEkxqMhLRrpqKWFrMGzMA9shEUNlBExp3SVnoVphsFrFZlknUjNHQcq17ivFnOtslQjENMRI666bHnXlvE9obhpcEkaZSfvCdNCa1XiWFdbpRCzLcIAUjWYGknpK694okJuGE4uGDknQGfKJ5edAx3GQmjLHZJiZE+IGg7z1pFMBeRAjlTKQwzhZg665TJ17hVVxPhjv2WhFyySDmEDWTz5dAKNGzTiNpnbJmdjMhdh0JcgDmaBcRRmv3PeZgMxVSxt8vjIMSBE5THjR8HbtLFsIVyySZ0BB1ZmPLSouIW6t3Mci5SiMzAq9vYuAesb7QaYV2JuW8hKXULT2EtiB1y5Zg+PfVdwjAF2zXBoW7PaIBiCxmddxp41S4HMtxRpIOxO52HjvW9vhUQIrOAqjQyACSwJjpTvB48l3xCuVguSpYaQFkA6k89JidPOhpjfdElySskFl1yxrDjSd/iHnQzw5rjMwcFZJCJoO7Wef4V7iMHbCw/bcRIzQDOmkb6zvWbSGMZhcM9r3hRRmAiNNToug/WlKYbD27FtXYdrICfvZiNh6xQsO5XLaAJloVeYUEwZ7vyrYWwiKczAMQRE668jReDkVhvu1py6lSUYgDRQIMb6k+m9UuHaLaAfdFbLxO8WR+gVp8QhP4itMGJgAdKJynPjQt6+wqvc6zRnvE0Eirk0yrCKlZZDUqtk+j2w6md9a5P7U2/ccWtuNhcsP5FlVvkDXVDjUmMwmua/tLsziUdftWhr3qx/MVjjeV5R1dsQoHa028NO+te4lDOQp7BOsHfUEkeB1qwYu9pXTPDIrCO8A8vGqDi90gqYGftCRE6AfFHcSNacDLjiqbTNA0cKRB1UwOQnfWT+VVnCUAdewCozrMyytOUCI1B+XXlTeN4ggQE9ofCRrqBMbdT12itdRmDSJCmWAknfv0JIOhqoTYsVhlF4sCZGrE8uR5jvpK4mvYz/e1AkkwTGm516Cn1xIcDtalJ2BgnXLvqYEeXjRrl1FUabqAIMSDO/rFMExhhkDbw1wx97taA669xFUuI4t+7O7rYNyRvmAdJPaygqdNBrvt41bYS8F7PPMeYnWdZ8Kr+JsTnkAkKZA+JuoB8AaCMYbiN+9bRlslVZZBcguddTpGXuJPlVbxTia27dxnDZmIVYUxk2JzCV1PKZqx4Xgr2QXca5AAlLK9lRpIzgas3+HbSsePsLuHVgrLne2FDQMi5tSBylZoDVuH4nEsRkw7uIgFgVA+Ke02hnN8q94rYvtdD4gJbUzCK2h1gTHeQNeQq+XiJTNlVnZgpA1BGhkkkwNth0qov8WIvZ2GchJVRDKpa5rr3DLrTDXeH4cnFopUg5yYiNgSNDy0raMNdYvmaWALAb5ZExA2HL9CqY8Va/iUZlAyK8Be0ToSJ03mBV3g8LeOy5ByLCDyk5d9aWSsWGP4kUU9nJIyoPtEkEzpO341T8Lt3H7C69Z+pPTf8qNx6wyXQo7XZzE9Cd9P8o361c8Ew4tWy7/ESWaT6fX51N4i52NgeHrZBYEFj8Tv06L0FJNxFXAZ9IbLuRMEHNodqbsBrqzIAOgJ1BHMgHbu8KAbKrmQ6w0AmCW0B19KlcGxLTbunYZXA9Nd/L1qsT2ZzIr5viAPrrVlirgKXNdkaRyGkR8qv8In8NAR9hfpTl0jNo7cHRTqZpm3wZH2JFbRe4ajGSKlvhqjbSjdQ1T/AJbb71e1uX7qvWpS2NLuzhQx13ql9tMEMqHoGH0rYsESDFVvtck2gehP0/tWePZ5L/2ectgrBVoPulGokSBl28qBxTEEpF6x7xAZzLrHhHaU+XOlfYly2BTclWdfLOY+op67iUzZGuhH1J3giOZ2DRHPlWpRU4jCYO8FWcmbZkPZLDQowM5WHMaeNJX/AGXKgD36lJJEKcxU7iAfnPOrbH4HDMMly6ZPbOqhhru0DQctetei1adlYXBlVcqorLljZQIPy76YUVn2eREzJezlVbslcs/ygSaTfBX2CqttwCR2mGXvM9ANNuhrb7OBQEnO7kGYZhA7gF5eNIW8dbcMQWbpmO5iTGk9I5GRFPZKVuA4gkHNb/1N031XwqpxGIfD3SboyBJ7W4Jjsxp2p6dwmK3W1eMFlIkjaDAO+/IeIqnwDh0Y4mwc5Jz5kBEaQFmREKu2+9PYalxbjmJxKgoVs29mfnJ0ILxz00Ud1M3Fu3rKAobSIyk+9bKWyoQGE9rUxyrZHKvC27CweyCUAgcivh48qDb4eEXtsi9SQGY90/LnRstNYThl5/ieEy6gBjuZO5XfWm8PwJM2chnYDKCTlUDoAgAIHntVtfxKJ8ALneXJPy5eUVWYjEu8y5WOQ0VjqYP9zFGzFzWbIAUJMmBbAGu5BI3pG9xG657MKm22p5T4b1Lto5SUABUjUakkkT3bfSivc02+yO86HvA61NXFZfZ1ZWc5mGwywTvB0EEjkOVHxSMyhtQF3BMFhEkAd5FO3bjbqsnqdYAidBrVfiG7OplhqRPmKW1Qe9xYWUyhQzhASJACzsCeZ7ugpLh983Xa4w0Cg9QpgbTQMPgGvFmb7QBGu8HWR03+dW+Fw6pIUababCP0KLqKm9vb8ZLnUqfSOfqa2vDKMiD/AAj6VreLtBbTwPsn6VtOGTsKY+yPpUpz7YG3QyKaZJrEpT2gtkqUbIalAWmDU8zSHtSCMOx6Efl+NOYQDMIr3jSTYcHoD6EGs8TyYfs8b/4zpzVz81B+oNPYvBqHLHYiCNxqdJ076q/YC5D307kYeRIP1FbTircg61tURreKwrq8pG+aDBGg6+MelUvDeJs/ZuWkABXKYGWQAcqZdQVGvhNblibAcFecRMcjpp9fOq5MEqOOyVEiCBoD3Hv15U5TVePxDJdOXQBJgDcEgRt/h7tqBxLBm4FdHNvKD2VJyt3TuG0PpT/HcLlzFRJZGETqTM6DrSyYMquUuoDnMoMZVEyCQd+kUyBsXALejSA2kMSdG103OsE+JpG7xxwxXIxVe1BUTAIyjfUEH5GmlwUFihUH7ZzADTchTz2+VBwHDkQKPeMWEgTKmDqAdNdwfPyAExHFXuBPd9kEnu1WcwPMDaD30tdtswOac4cySJIG+hIiOnnT7lEfLD6nQkMSfhOjoCSO7u7qBiGXPMkAQTGs/ZhgTpGoPPTuoMumHLfE0mTAGvLRSdhyPI0u9pVViSdFOwPfuR08acfFJOrIOqiJBGna10NZuFyH4RodJ/8ALwpBTYrRRlBLiJInykgEA7fKlHvPmBzACBMsGE78tZirR7gKRlMEDWMonTn6VUX7aFgA3ZABiI8CY+L/AHoVDV+8+VAhAmCTJJ17hy2oiOyrOx+1tqYGo/v1rBrmTKwAOh1MAcgB1BJotlZ3MidRuO4z6VFXAbOLTUfCRrttyOopnD5WLaycx189IrFuHqSYmSNfWads4cLt50qqA8QH8F/5DV/hcQgRJP2V+lUPE/8ApP8AyGjokoon7I+lTaWU2umxiR1oDcRA+zVIqEHU0ZGB50vZGosf+Kf4alV/ux3VKW6eo2nAOMwj1pniSlrbj/A30pHDJkjSSNqO73GBBgSDSxuisVfsW8Yoj7yN8iDW/OgNc59mGyYu1PMMv/gfyrpBNdFZkrtnptS+VgSDBGnLQbep/OrFhQLn6/vSCke2Se0AVmRqZB5R3VjfsI4Ksg+GRGhnxA0MgVaXRNLqpHqfP9TTCqfCAEsoMkAGVkAaxEaHU0k9hm7QUglgSdjuBGvTX5VftHhSjoCZ16eG1GzU94MkKSZMgTqJ2BB/W9VfEDIDA9objUAwQRtHQjzNbG6mYkaayeXl686WxIiNB6dx0HdT2GrY+wWdXUkBoJgSJCSsAxIpezhi6TAzAyCdZ7Ikz48hW0XATBPID125UsVMTsRMdN+lGw1XAcLYMWdmJgZQxJE8j3QelNYbg5GXOZjaJAOszy/vV2c36AFRwepnlStVCf7mOyCNIPPSirh1HL50bLXsVK48QVkKle0lQnxQ/wAJ/wCU0aysKvgPpS/Fj/Bf+Q01ZuAKonkPpUUsnvuwd6CtgDSiuxP4HlQDnkCQe+oIX93qV57xuhqUBteHOXQajrQsXe00nvpa0p/OmUAAn0pbGmtYfFZMbhVG/vRPcJIrq5rkuJQDErcO6OPmytXWmrp/5jK9sDQmorUI0ECwoDrTDUJzQClwTzpV01mPxrw8Ysm4bWeHDZYYMBmiYDEQTHfSt7jmHDlDdQOGykGdGmANRvqKeqBrluTtQrlvSh3OL2A5tm6gcMFKk65jsDPM6Uvj+N2LbMj3AGQAsIY5QRIJgbUaNlcSguKj8Qt+8W0CS7JnHZaCvXNED+4ojigyrrQmFVy8bJuBDbyg3GtznBbMoJnJvlgbzzpXD4+494oXUBbjKUW25lRqMzkkKdulFglW7CsaoFzBw4uOX/eSgUt2SmbtDLtosmR0q/NKzTTHlKleTQXxSjvMwBzJmNKhcA4uf4L/AMhppVUIoImQNvCk+Mf9C5/I30p2w8hZj4R9Km9JyYm4oEcuc8qBnQ7ETTbqhrBrA5BfSp0TDzNSg/uz/eX0qUaNuF9oWR51jZvBtiIHI1LqtGgBPMGgJhBJLag8taklD7QjtOR0Vh4x/aupYd8yK3VVPqAa5j7QWwrQNig08D/euicFfNh7R/7af0gV0Y3+sZ5di4q6UEhc33pIUKIJJJNBs4kPEgqSuYK0Zo010J01HrWeLwoeJJgbgbMNDDd0gbRO1V6YO8txnzhg7DMSuoUTCKOQ1jfTeJJpkfagsRuNvrVZxF7rq65cqCcxysWIB0VIOrN1A0nmdlsNixa0eFaFGVB2EXUJbSSAWB3Os+gAFLxPB3P3p3yXWs+9tuyoBlfKgGYR2iVYKY5gGh4h2TE4hst/Iz22CJZzq5FtAe0ymPhA3FbGOKqXymApJVTqSzA6kADRBtPWsX4lbIkOsS25I0Uw7a8h151Wy00/jlq416+EW6cxssqC2SlxlAOVnjsDQayKY4oHXFO4F9VazbH8NFcOwLkqSykaBh61sl7HrkDqC+YgINixJgATt49NaqMTfcuA10DL2rmQkJbH2Vn7bHbU98DajY0Uxdy4L9q6ti4w9wyuBkBVmZCAczASMpmn8O7MgZ0yMd1mSNeo0oWL4vDDKpI0mdDJHZUA7HYmdhvSq8YUrr2mGhjQM86BZ1jnJ5QedK8qVycFdb7XgyKxdjsWJRgAUbbXQEEba0deFw7MbrkM+fKIVc2kTAkjQc68u4h3dnFtmCEBFOgnXM7d/QfoYYm9eLhBlXMF7yuhLN3ctD+NFtOSCfuyWyWRBncnXmSdTqdhuT4UAYornzGXkZVOncCek6mOgp29h5IOYggEaRMGJ15HTevEsKskDU7k6mfE1O1xX4e3cMwSAYliNY1Og6Tv4mnMPhVTUanqfw6UeahqVQjxj/oXP5G+lGlgqRzUa9NKW404Fi5J+yR5nQVjbvdgan4Rz02qb0WRq7qnxelLJilHZBMigvjF+CI+lV2NxqoNYk7DmamTfQXP733ipWpfv937g+dSq9L/AKN/TrfvI1J16US3dLDWB00rJVG+hPKl3vEkzGnIb1mFR7Rqeye5gPrW7eydzNhLJ6KR6MR+FaRxqciEiO36g6Ctt9hnnCqPuu4+c/jW+H6s8u1+5ob0RqE1Mg2pe4oO4B8YphqC5oBN8OkzkWddcopZ8Fb+4u0bDrNKuuJUqS5ILGQAGYDlJynTw9aWfF4kb2wYSTA+Iw/w66EQunjG4p+v2RniFlnAVYA5zO/I6a9eY8RrQLfDbaIECgwc2u5aZzGNjNCOLvnPCAkEQCjAEExvzI0OnIHrWNzFXIgLLZmU9ggDtdh9dCuUE6d1GqBMRhQQcqqCdjHPafSgWcOqDKsdSeZJ1JMczSrX8SRJSCA0iF1krkgzEiWkc45UMe+k5yoUqVALAHNGj6dTpv00p6Vs69I3L6KC+ZY5kQZgTGncNqSOA1Ga4rd5JJGbKBHTVTz1mhhrcBTLgunaAyrmAUARPQA9+uvKlo2eI4qi6AE8gfszIA175+VGwl0ugYxJ6bUW3YRQMqgaADw8a9NTVRK8Jryg4zEi2jO2wE+J5CpV01j2u4gSwsrsIZ+88h+PmKKMYAoE6ZR9K1fF32dy7blpNWL31y+ArTLHiRljlu2ncVj1VdDJOwpbCYYk531PIHlS2Dt5jnbyFW6VnlfXiN8Md/2rLLUpf98T71Sp9a19o6nfZEbMCWYiMvIeVFw7iCSkHvihDDrmkjtUoEa47AZlUGJ1HpWe2GgPaV81gmIysp9DSvBPaZ8KzIVD2y2YjZhIGx25c6e4lhMth1BJgc60rGNOU7So9f1NdHh53GWbteDxaXUW4hlWGh/AjkaIxri3DuP3bBPu7jJ1G6HvynSe+rP/AJ5xQTLmQn75UZj3fdPpWtw/xG3UmoLVo/DPb/SMQmv37fPxU/ga2qzxiw65kuoRpPaAInaQdRUXGxW9mLlVnErVxsvu2CwczTPajZT3GT6CrImdqDcpdBSm1eOSZ7Igw+WWkdswDmETof8AbLE4dy7FXIBNsgSOTHONtiIqxahPT2elHicA7u5LwDBWGnKREaZYA3Mc9NqXxHDWdEV3EpOoHI6DmNYjr51ePS1yjdGiDYNMrrGjkkxpr3R4TQmwiAzkWYjUctPyHoKNjMWlsS7qo7zHy51XWuOYd5i6mn3jl8xMSKNU9w4aR4jxFLKhnJ10AAknwqr4j7VW0lbYznrsk/U1qWMxr3CWdyx5TsO4DYUTG/JXOTpuB9prGQsGOaNEIMzG3TzmtUxWOe5LOxPd9keAqsRiTTAOlaTGRFzuQPOmiMxC+tK86dwo1Joz4isJu6WFkRpQsfio7CnX7R/CshcyqW6VWknUncmsccd3ddGeWpqJAqVMh6VK1YO8osb60O8dQF23OlKojOSX7OugB3A2NEs3mJKgEAHXNzHUVxNQca/YdYMQZNaBf1Q9Udh6GR8iK3rEhhmk/Fp4VozwLl1OuVh6ZT9BWvhvNR5Jwq7uuopO4Tzn8KZudlsvmKE5rrjnpcNG00xbxJjtCe/86CxrEimF1hPaXEWgAl11UbKYZY8GB+VGue12KcEe+3mYVAfAGNK18NrQLwg0tDbZcD7XYiyYLi4v3bmvmG3rHHe3GJduw4QdEUfMtM/KtXAqUtQ/arK9xy84hrtwgGfjI135VLvHL7b3rh/zEfSqs1DT0N0RrxYySSepMn1NBZ69rGKcKsJ76yBrwrXlBD4RZcDvpi6sFhS2HfK4NMXHkk9amnAKcw50pIb03ZOlTn018fYuIacq+ZoTLG81mZLgDpRbisdCKicRrlzS81KJ7oda9p7LTsdmmbdSpXJ8tHuItAgaVzPHaYlu9G/qFSpWvi/Znn0reJbedVoczvUqV1zpz1ncoI+E+Fe1KcIOzv5VL/KvalFAXKpyqVKRsK8apUoJK8WpUph6awapUpBByo67VKlADWmMNtXtSpyaePszY+MeVP4j4TUqVlW6rqVKlUT/2Q==', '2018-08-31', 11);

COMMIT;


-- -----------------------------------------------------
-- Data for table `spirit_tasting`
-- -----------------------------------------------------
START TRANSACTION;
USE `sipdb`;
INSERT INTO `spirit_tasting` (`id`, `user_id`, `notes`, `price`, `rating`, `photo`, `date_sampled`, `spirit_id`) VALUES (1, 1, NULL, 10, 3, NULL, '2022-12-23', 1);
INSERT INTO `spirit_tasting` (`id`, `user_id`, `notes`, `price`, `rating`, `photo`, `date_sampled`, `spirit_id`) VALUES (2, 4, 'Excellent', 12, 9, NULL, '2022-12-29', 20);
INSERT INTO `spirit_tasting` (`id`, `user_id`, `notes`, `price`, `rating`, `photo`, `date_sampled`, `spirit_id`) VALUES (3, 4, 'Too sweet, kind of watery', 5, 3, NULL, '2022-12-26', 17);
INSERT INTO `spirit_tasting` (`id`, `user_id`, `notes`, `price`, `rating`, `photo`, `date_sampled`, `spirit_id`) VALUES (4, 5, NULL, 8, 7, NULL, '2022-10-15', 23);
INSERT INTO `spirit_tasting` (`id`, `user_id`, `notes`, `price`, `rating`, `photo`, `date_sampled`, `spirit_id`) VALUES (5, 2, NULL, 7, 4, NULL, '2018-09-18', 8);
INSERT INTO `spirit_tasting` (`id`, `user_id`, `notes`, `price`, `rating`, `photo`, `date_sampled`, `spirit_id`) VALUES (6, 3, NULL, 6, 8, NULL, '2022-05-19', 15);
INSERT INTO `spirit_tasting` (`id`, `user_id`, `notes`, `price`, `rating`, `photo`, `date_sampled`, `spirit_id`) VALUES (7, 2, NULL, 9, 7, NULL, '2023-01-02', 16);
INSERT INTO `spirit_tasting` (`id`, `user_id`, `notes`, `price`, `rating`, `photo`, `date_sampled`, `spirit_id`) VALUES (8, 6, NULL, 6.89, 9, NULL, '2022-03-06', 5);
INSERT INTO `spirit_tasting` (`id`, `user_id`, `notes`, `price`, `rating`, `photo`, `date_sampled`, `spirit_id`) VALUES (9, 3, NULL, 13, 6, NULL, '2022-09-13', 20);
INSERT INTO `spirit_tasting` (`id`, `user_id`, `notes`, `price`, `rating`, `photo`, `date_sampled`, `spirit_id`) VALUES (10, 5, NULL, 10, 7, NULL, '2022-07-15', 29);
INSERT INTO `spirit_tasting` (`id`, `user_id`, `notes`, `price`, `rating`, `photo`, `date_sampled`, `spirit_id`) VALUES (11, 8, 'Christmas gift from Cory & Julie', 11, 8, 'https://dadshatrye.com/wp-content/uploads/clsc-overhead-2020.png', '2022-12-25', 36);
INSERT INTO `spirit_tasting` (`id`, `user_id`, `notes`, `price`, `rating`, `photo`, `date_sampled`, `spirit_id`) VALUES (12, 8, 'Sampled at Strip District in Pittsburgh visiting Ian.', 15, 9, 'data:image/jpeg;base64,/9j/4AAQSkZJRgABAQAAAQABAAD/2wCEAAoHCBQVFBcUFRUXGBcXGhoZFxcXGRcXFxoYGRkZGRcZGhcaICwjGh0pIBcXJDYkKS0vMzMzGSI4PjgyPSwyMy8BCwsLDw4PHRISHjQpIykyLzIyMjIyMjIvMjIyMjIyMjIyMjIyMjIyMjIyMjIyMjIyMjIyMjIzMjIyMjIyMjIyMv/AABEIAQMAwgMBIgACEQEDEQH/xAAcAAACAgMBAQAAAAAAAAAAAAAFBgMEAAIHAQj/xABKEAACAQIEAwUEBQcKAwkAAAABAgMAEQQSITEFQVEGEyJhcTKBkbEUI0JSoQczYnJzwdEVQ1OCkqKywuHwJJPSFjRUY4OjpLO0/8QAGwEAAgMBAQEAAAAAAAAAAAAAAgMBBAUABgf/xAAtEQACAgEEAQMCBgIDAAAAAAAAAQIRAwQSITFBEyJRFGEFMnGRwfBCgSMzof/aAAwDAQACEQMRAD8AsolWEjrdI6tRxVQbLVESR1ZSKp4oa2xMixrmNQ2EkeogXUmwoZxXtPFELAgmlTj/AGmYkqh99KMjNIdSSTQdjY4/kO8Z7YyS+FdqXMQzyasfcKM8P4C77iwpnwXZxFFyKF5ow6HLGI+D4e/JTRKLhEhpzjwSrsKjdLGkSzykwvToWl4Ex3NWE7OaXuabJsIUjWSQhVYkDctp+iNalhwoMckhcKkdhcg6lrBTa1wtz0J8qNQyvwBugvIoDs+/I1Tl4VKp9m9M2H7RRpq6+C+UsDextf2SATRHhGPhxdu79o5rKw1OXU2t5dajbP4Jbj8iA8JG4Iq5w/issLBka1qb8Zw1TyoDi+C63WgUyXAaOFdt1kXJKLN94bH1FBe0OIWS5U3oBNhGXce+rGGky6MNKv6fU7Je4p59PuXtBssZ6VDrTIcKrLdaE4mGxIIr0+FRyw3JnmdQ54p7WgeTXoavWSvBC3IUM8KJhqGbLW4WpYMIx5GrIwD9KrSgkW4SbKVqyrv8nvWUFIZyP0cVXIoq3hhq2QEUsdhWIaxWxEqxrmaue9oe0JkJRTUnbDjxclEOnl8qUcJCzNS27Q/HCuWSRYVpGtzNNnBez4FiRrXnB+G2sbU54bD2AqpkzN8FqMPJWjwoQaCpAmlEDDcVt3AApNsLgDLFXjYUb1dya1t3dqHdyFVgzisjyYck2IWQ2AHUEm/nc399DMRxGERypnUOQoBMttrHRPcd/WmGHsZFOGmZWaQvosjyCPL5IpA9+tWIewkCZ2XDwZmvYG5UAgAgeH118771tdwTfwZLkoya+5yPGShozZgTmubWOy9B86ZvyWL/AMQluXeX/wCWaPz9gAFDfR8M7Kw08QBAvobW5n32qx2P7J9zN3hhMRUsbpI2Q5lIsVJNxQxlHpWHkluV8Fx1BqhLHrtVqK97Gt3QXrKlLk0UuAfNw8Ou1LePwBQnTSn7DgEVSx2AzcqJToFxsRMNI0Z8qMQ8MXEbGvMdw0rraoeE45oJAw1F9RWno9bPE+HwUNVo4ZY8rkKR9kwPs1aj7MeVO+CxcUkYkW1iPgelV8RxJB0rTepyT5RmrBjhxQvRdngOVSng6jkKs4njCjnQTF8ftzoG8jCqKCH8mL5VlAP+0Q+8PjWVG3IdcR2hgpY7ZcUyLkU602cQlEcbMelce4zimlkY351kznSo08UNzsGiAyN1vTNwvg4AGlb8B4XoGYU1YXDgVUyTfRdhFdkGGwoW1GIkqHudRROGIAUlK2dkmoo9hiFq0xEehqZWtWk50pj6Kyb3ALYmtybisdbsa3C6UkvBrgWODKUCN4AMzEra+wsAb8ugojLMBm1GguddqHdnFGVzbpf3ZqH47jRBIEY1jzBjbLc7ZibAAdDrpWxbeJMxpxXqtIvNxZVvrsbG9uQrMLxWw9kut9WQA5QdiRfUX5ilXC8XkkDfVhDYnMULrbu1N9NdcxPlfoDThhMAsUBsxN1udra66UvFGd7vgZkUI8V2BMmtQYgWNW2FQz2rNb5NJHuENWiL1TwxtVuGS+lEiJ/JDLhAynSkviOEysdK6JGu9AOK4PNc0cXQtPdYvcH4jJGe7BNjyqxisRIW3qg+GIa43BpgwsQljzW1G9bv4bmje2RkfiOGW3dEDTBiu5pW4rmvuafsThrLSXxhPFW7DGr6MGeV12AchrKs2rKf6aF+ozrXbvG2jEYO+9IfDMJ3jge80Q4rizM+tEeAYMC7V4DJPdI9zix7Y0FYYgoCir6iwqCJNb1bFtztVdu2OfCo8WcAjSroxA6UNjxKO1hyqymJjJyjeiTEzin4JnxA6VG+IBFWREvSo8UyItyK5pgJxukgU0wudDW3fi3OpI1RzcDSt3gW21Los7kF+zrAo3rUONkRQ+Vhoth4smXbYn1vWvA5colA2XLb1IJoXjsU5LllbUAWtoD4V195JrUc6wxRnqG7NII8Lw6rGpJJ0a9mzXBUXsaLuiiAqNFCkDyA0G/pSxhcZeNcrGwDK1wQQyhbr7gTR3Eyj6KWJ0ta/wDWtTcE/Y19heaD3p35FxsQB1qhjMWL86J9wpW9qEYpEzZedZS7NSybBYwX51dXFAGqWEgS9qv/AEVeVEQEsHiQ16hnF7ipsJABsKglPiNQ+hUa3OhengsxqXg8mSQqdj++r06C9DsUhVlYcjT9PlcJpnZ8e+DQZ4phdDXPuN4c32rqUIEkSnnaxoLjuDhjtXtNPmTimeKz42puJyzuj51ldF/7N/o1lWfWiK9KQuSCzWph4cCEoMIbtTPBFZRXzdStNn0KqokRjappb5D6VusYqxLGMtjURQE5q0JyZo5CV5n8KJcIX60k8zV8YZL61chwaDxjeiuyJNJckGJ4gQ4QdazizXi1reTDozZr61JiIUdcpNcDwqpFfhRAjWq/E8f3ZAHM1KkCpsahxuFSTc0F12MUebCPZy7M5N7OEI6aBg3+A/GoONLl8SqfW24uCdLbEX1vRPg2GCRx5dbM39knWh/GEzX8OY2tuALW21PrWlNVijRRg7ysp4BsipnIYvm8Vrn2gqljvtp8KKcXc/QpBtZUsPMzEf5RQ/CwI+62a/i56WGUAjz1+NHcTgg8DKdAwT+65cfMUWC6l+hGerj+ou8JxRaymqmOw3/EC3WjEHD0Rrg1rNhlzh71nLgubk3wDEgPfZRVrGTtG1qvRQLnDXFb47Co5vcUVshzW6izwbEZwb1FjY/Ea34bCEOh3rfGDWp7iJTrK6BM40qnKmZTV6dK9SC491DGy06LfBXtGR0PzqVZwXtQ7CSZFYeVa8Olzy17LQx34N32PGfiC2aravIzd2OlZU3d1lL3hbGcxU6j1o/EdBQRIrWo2ikAV4yD9rPbSRbz2qWZ/DVUDWppdFPpUxYiUVaAkWLLMwF9KPcKlWRSOYpcwEhR3JU63tRzs5hmAZjzo0ueAcz9hNZQ+WrhgW1CsTmE400qfjc/dxZ81gOZ6nQD1qV5Akm3Hns2xGHXlVRogLkmwG5NL/FO1TQpqvitz1N/1R+80j4ntTiZGJzCNWPiyqrNb+tuR7qZHSynz0Ojurjkesf2tw/dvhmR5LvcGMMQiaHMxG50JsDsQKS5OJ4FhITh8SG+yRKSCf0hmsvPa9atxtckilhKGKkCWCMP52kR7psBzvc6CheJxkbOzLDGga+lnYAnmoL3U787eVakMaikn8CY4pW+AlhcTg2uGWZAoJJZ3P3QAAram997Dzp3/J9xCA95HGHAK3Luzj2SxOUMSD1Njeua4XGqisDFG5IAGYNl88wB8W2liLHWrUHH3jXJGkcQPtd2ou1tRdpM5tfkCBUSgv6w54pSVUd3XDAi96rzYcX3rk+A7bzxgKS2XopUfC6kD4U98B479LUiJg7qPEj2ST1U+y/921UJaefSQLhPH7pPgPRQLfep5cMo50E4WJc5zgqRupFiKm47LIlitI64aBacpKmFIIwDvW2PFrGqvCsxUE86u8QHhqf8Rb4yJAqQ16t7VFM1Wok8N6iPktSdIFSNZGqDs295a24gcqN50E4dj+7fNfevcfhONvRs8d+LZFHVxs67WUkjtWPvV5Vb6eY/1og2AZhei1vCKX+CY4NEpo1HMSK8UlttM9i3aTRaj3qaUi1Qw1JM1hUxESXuK5K/donw+cAWAoYMSltav8NnW5FqKL5AzRuD4PWdc1yKUOMcReXGRRrHnVG8OYlY1sCZJH6sBbLfQZupFOOMkUA6VzNcc8OMlkQBi17Zr2Ckhm220Fr8qs4Gt/JGKG9Wu64NO2iBH0iLKftMzAX6ELY/jSnjogLMmVkNhnRXVMxFyl3FyR+6m6bHSYlImfTMkgITMVuWUBrKfaA2B15i1BMbN3PeIqRuucHxoGIOZtQTpyAsOV60tpZhJwW2uQNFAzKzgeFLXNjzNhqBb41PjeHGNyoZXAUPmUkLYgH7QBvrta9brxVgGBWMBzdgI0NyDf8AqjbTyqGfi0pJs5AIy2W6+Aeyun2RyGwrqGb/AJNEwxIVrGzEgWsx8Nr+EG/McqKLhu4ZJI8QGLb5FJK2IzJIh1B8iLG2+9ggxBPP+PqTzohjeINJ3ZyqCq7hVBJ2JNvSuYSblW0sYrCh2aWWVI87EhVjkuRpqAFyga7ZuRo12awoiSTGRyBmRbRp7Dsb+JrXNhppz8qVcTjHktmZjl0ALOwHpnY291TcMlZZFAJ8WhF96huuURLG5wabO19meKNihmbLs19dRIp+wT7cbAMRpcWNT45c7DpXKuyHFJUljOdj9YFNzfw91KPwJNdhIUqD1A+VVtWlKn5Mz03hn9vB5hbbDlU2OXw1FhmW+lWMWfDVNdC5fnQvTjaiYFo/dQxjmcDzq9i5QFC12MtZfCFvjr6ZRzpfxOGOWnWDg7THMRpyrfiPZ4Im3Kvd/h2ohi08YN8nhvxXBmy6lyiuEcqyv1Pxr2jUnD9T6msp/rQ+RPp5fgtcIjyramLDHSh2Hw9X4Ravn+qxuEtx9B0uXfGgjhpRVhlDC1VY4xa96swNeq3kKa8ogODW9XuG4ZQ1avU+A9qiS5FZJycGa8Rw4Ib0rnTpbEvfbKw+Nq6bjRoaR8dBgc958S0Tst7BlAILut9UP3OtWcMlGTdfsBiy7YpsV+yUlgw18LafChnaf2m85D+AGn4078I4RwtSxj4jub2MkJ6/oChHanhWAz5lx4kJ1KiSEBdhyG+laG9KPT/ZjVqYSycCDWjCmIcKwf8A4j/3Yf4UJ4nhY1a0ZZ1sPF3kdr9PZqcclN0r/YbkzxjG3/BUSrAbQDp++rXDMFC9+8YpobXlhGvLUjX3dKZY+AcLyBmx9mJa472A2sSBplvqLGoySUXTv/SbCjqYwim+n+gng1tfpTPieD8NWMsMaS9lOUSQm9yA2y30F6HYXDYEysGxBEQAsxdcxPPZdvdQbk1aT/ZjI67G+CDgEtpAn3muD0Kq/wD1V3eHC/VJ+qvyFcNZIUkRsOxazkZrkgdB53B6V3uI/Vp+qPlVfUU6ZS1WRva0UIMNla9XMS3gNQSPVWaQt4Bzqr0qFbXJpsh4Phc7Fj1NWeJQC4UcyB/GimDw6xpSJ2g7SCKbQ7HT1qxix00LllcpNro6Vh4gihRyFRcSUGNr9KWOFcfmlAtb4VcxrzsMpO/lWlLUKMeEyqtO5PloT5VGY+p+dZRT+R5Kyq/1U/hjvpYfYGYWaryNf1qlho9KmF71Q1GdTjTLmDDsdoJoLi160w8hVrGtIJasFQ2vOqseS3IulqmwjeKqCvbSpsM/iok+SvOHtYTxBvXEu1uJDzqR9mIKfXvZW/ziu1S1xLtXB3cwN750zDy+tkQj+4au6Z+5lWvaSdi1jadY5I86yOiaOyFS7BcwK777Grf5Sez+HjVJcMGtbMxZma6lsvPazaEedUexS3xcP7aL8JFo2s/eticK5uFMuXXXJJLqB6Nc3/Tq7lm8aUl4q/0FY4bp18nOOGYPvZETYMfEeijVj7herfEsPAsj5Ffu1RGAvrd8pF2IIXRunKpu4OGhlLaSSMYk6hEP1jDyJyr8anZSYcY3RcMPxX+FWE7d3wc40qa5M7JcNhxLOjqcyoXvnIBAIFgot13vVjib4GCUwtg2fL7T/SJFJzAMLLawtcetq2/Jv+fmNibQMdBc+2nwoZ2u/wC+S+q/DItqQnJ6mUW3VfPkY1F6dOub7DeJ7MYafCvisI7DuwC0T+I3vqt/ssPeDpSSN6duw87Lh8dvlyRn+tmb93ypOxNjI5G2ZrelzR4JSU5Qk7Sqvnn5ESitqaXYydk4sw1HhD/jlv8Aur6CjI7tP1V+QrgfZIfVE/8Am/5DXdxIBEn6q/KqWqfuf6/wWJW4xQOxb2OlXeFYI+01Q4PBl3zHYUVx+IWKMk6WGlIxw43MnNkpKEewN2l4rkXIu50Fcnx2AdsSjOfO1PUMTSuZH21yjy60Ix8IOIVegqMOdyzUugpYlDGPHZPBBUDeVHMa4VTprQrgN1SiGJJZa2E1RntO7Bf0k1lZ3JrKjgKxOwzaVYU0IweLuKvI7GvPTxyfSNmE0i0XttVvDTcqggwTtWSRFNahY5/AbyRCYsa9TRqr4KYPRMWtRL4kLlKi0hBFcY7b/nI/1H//AEzV15PKuQds21iJ6TD4YqWrml/MVJxpG3YQxriUkkkREjcOc2e7ZdQFCqdbgb2qLjuJTD4/vUkSSN3kJKFvYdzcMCBZhcG2vsiq3ZZY2kZZZO7HhIOmpzrmFjuSucA8iVJ0qLjxZAzq6WEhQKVRmO5zbezYb89a1NqaafkrJuMlJFLjOJ+lYnKjoEF1VnbKlgCSxJ2ub/hRRhG0eLjEkQLDDZSZEVWyKM+U311B+NC5FcSrGojs+XKXjibcAnULtcnlUKRSESm0X1Xt+BLm2bVfDt4T03FEsaUVFdKv/At7bbfkI9jMWkDTSSOAGjKALIqOxLA6X0I8PUcqscb4Sk0rTpi8IFbL4XlAkGVQp8ABvtyNLnesAGtHqSLd2t9Ofs2olMzLI8ZZMqo7qRHGD4ULKDdOotXekt7mnzVAqb2bfF2FZ+MYbDYQ4aBzI8gJdguVQxI1LHVrAWCjQa69UrnRh53IQZ0AdCx8MehBYW0UWPhHPnQht6nFijC67fLYMpNjd2S/NH9qP8BrvHD8GWjQt90fIVwTssmaFgf6VPlX0MuLVI1JI0UfKs/IoyyNPwyxkcljjt7ZK7JGtzYAUo47EnESbnux+NR8Yx8kxyronzrbAxHQVS1M51tiuBmDCo+6T5LscYAsKWMXGTiiw5U1OhAoHgIM0jMetVMe+ErRYpSXIcw2JkCgAfGr8ePsLMtScPgAFXXhU7gVpQzzq2Z+SUFKqBX05ejVlWfoadBWUX1MvgL/AI/ucZ4fLtTPw2Rbi9ZhOCp/u1EoeFAbGueWA1YZ+Rg4fKmShPG5F5VvFhSuzVMeH5t9aBZY/BPptdsXcO5BuNKKwYs86KwcFTpUc3CwOVDOSkuUTBpOrNoJhXIu3Tfmrc+//DFSV1Q4Qja9cq7fLbuh0OIH/wAgn99Ho17wsqVWgZ2blRZW7w+A5L3zbZ1zZcv2sme19L2r3jU4EatmQvntlKRscuUHNqu17iouCiMZ3d5FytGLRMFvmDakHfbrR3iuHCIskj4uNG9lnjbI3TUqQa1l2UmK4YCR0zxFVViH7qKzFVzADQbnTeqv0rc5I7nlkWwsNwOVHAsZAKysQeZw4YfHu9apFI873kUDwgEwLr18JSy2/GjTIaK2KmCyMqZCtgRdY3AJUE20y732qXv7RCTPDmz5cghgzAAXzE5b+mhGh1FQTKgY2e4IuCI1Ue4WtyoxhDEwRFncubAJHF4r22GVCSa6yKBqzsWyBxl7vMxSOMWITMR4Btfw360IY66014pUSQRyS40OxAyMDHqTYEqwGl/KlnFJldwL6Mw11OhO55mpTBoaOyH5tv2i/KugTYuQ6MxsOVc+7Hew37RPkaNzcVkEhS17E61kZk3mdGhGVYo2My40Ac/hU0HGlXc/hQJcbprXquGqbl8AXH5GOTj4YWBohwVOfWljCRqSNKb+H2VRVbM7kk0Nj+V0MeGAtUhNQYI+GpJmsCaJdGdJe9oHtLqdayhEmJNz6mspO9F70CPD8NtRGDB0WhwIA1r14Lairn0wuWqvhFJcHXpW1ezO9tKEYjEyA713oPwB6l9sLJKRUcshoUmJfrWzSydaj0WSpRuy2da5L+UqPK0Q6tiD8ZQ3766WJG6mub/lPFjB/wCt/jQ0zBDbkX98Bue5ULPCpMquRa6ywsLgEXUsdQdxcbU5ri5pcPjZ5Z+9V4nD4e5Zw5I7uXu9o0XXVelJvBZQodyocLJCSjey4DElT5Hb30z47HYGISzQmZnlR444GjAWPvLXzSBvGotYAa7Xq5NN9fYRxaF3gHEsazx4aCZlF7KPDlUaszG42GpqPjOIjkxpJkLx5kVnP2wiqhc+RIO3I6Vth8amHwzqlxiZSUkJUqY4x9kE83vy5dLUANHGNybqvBMpUkuxk7Spimcd6hEa+GKygRhLXUKRubC/XQ0Q7MYYPFjFwhJxX1Yh1AcxZvre7vbXTXytzoHj8TGMPDErs73zuxJypdcojVTtbW/r8KXDWQSo0gJRWDMFJBYDXKCNr7X867a3EiUrfA6cUjxEeGwseNYnEHFK0Qdg8iQAAPmbXQuRYE8vdSLxT89L+0f/ABGinEOMNicYszAKM6BEHsxxqwyoPID8b0Kx7AyORzdj13JNFjTS57AbtDL2O9hv2kfyajskI7xj50B7Hew37SP5NTROhzms+bSzSb/vBcabxKipPtpW+FYit3hNSxwGo9WF9ivSlRewD2N6ZcPIdKDcMwuajaQspHSq+fDOT3R6H4ckYraxowJ8Ar3ENZWNRYVwAK04jJZDrUO1Eqbbyf7F5m1NZWmSsqqbPA8RmtiK0ha4qUGt6PR5x8MrSlVBJFKWNxSu5sOdOEyAg3pTx0ShjauaGRZHEKmZ60h2rcJm2BNKkMRoa5n+VQ+KD1l+cddS/k+U6hT79KTO1XC8LM4TFzGHKWCOBezFola42tqu5Fr35Gox/wDYv74Cuk2cy4a31cn60X+I1dnmCNG5vZXRjbeysCbeelEOBdlsVb6zDv3UixSd4pUhUPiDkA3tvcWJ0OlQY9MGRbvJV13sGU25iy3tzq61yCpJ0WsTLFiM8ncyMXUANk1J8UcYUhyIyHy3LZswB2vYhOIJEjzKF1zr3V83gU5mbZrEgZBrcaGrmHeJFKR45kU5vCYX+0uVtfT4bjWqOLkBeRu/Dkra+UrmuALAX00qEqCk00V5mjv4QPzYzWVrZ9fZudNLa7XB0qbjE8Lle6j7vLmVgAVuAfASCT4rXvVeBlzAmTKQFsQpOo294q++CwlifppZjfTuJNT5sTRMXYHiPiW29x860lPiN+tME/CI0y2MjEi49kAkHpbbQ8+W9AJvaPqalOzn0NXYhb5wfvp8mpvxLgOfKlDsN7bD9NPk1dCxPZjEP40AIOo1FY+rjcpV8ov4pKMYt9AVsSK9TGC9SYjs1ih/NsfTX5UNbByI1nRgfMEVTWLmx7yJrgc+ByAi9Gnc3HSl3hSWQGrqcR8VjtW5iXtRk5G9zGNEZhda8xGEZ1sTXmB4goX1q489wOpo5Y4y7QMZyXTA38kN1rKId41ZS/p8XwM9fJ8g6DHzEbj41KuMlB8Tj0v+6qWHRzuLDyOv41Vx3GYMNdR9Y/3QbkH9JuVU90/LLWyL6QZ+lu/hQ36sdhVOaOJDeSYE/dUi9Kk/HZpd27tfuJp8TzrTvANetLllkuglhTG6DjkK+GOLN0ZrVcw/G3bZUX0pJw84uDcCjGBnTQ5iT0Apcsk35GLBj8oPz8RluNefIUqOkkzTCJkMl5oyjOI28YUo6kowJBXYi2ppmhhzkeFvK9cg7R42SDiEzIxRlc2sfLmNjvRYY5XLcnyur6OWPHJOK4D8/ZxhimdvpmGTu4ggCySIHVChHeRFhkTLGRmIvqD1pai7OF1Z5JI44kZg+ZxHJ4UVkCrIALsWVRra4YXNqM4D8pWLUKJFSS32tUY+pFx+FF4/ymO+bPgM0armcq+YhRYE6ra1z+Iq4s+o/wAoLj4ff7lOWlnBWjkbrYkG1xpoQRcdCNCPOrGKWHMcjNa+mh0GlzrqeddaXtnwSSxkw+U8w2HRuWout6jPG+zhN+6UX3HcPb3C1h7qOOpm+8bX7C2vByWNI8xBZsvJgNee4Puq9G2EAa5lve6kBc3siwvmygZs17qTbLa2tdNk432eOgiQaj2cOQT/AHa9k7W8ERSqQEixHhhVSbi2raGhlqp+MbOUODmiYhHsuSaQjYZyxt0so21bW3OtsN2Zx07kx4SbUk6oyqLn772H4102H8ouEIEeHwUr6WCWjUfgW+VVOI/lLxAuiYaOMjTxsZLD+rlH40L1GfxBL9WNjp8k+lwDeF9lJMHBJLiCqveMoiOGNgxDZrD9IbHrTdh+JuEWzMNBz0rmmI4zNO4Mjk3I8I0Xfpzrp+D4QzwRsu5VTvpqKpZY5b3SfL+OjTeKOLGlJ2S4PjM4e2a4tzF6LLxo/aRW/wB+dB4OGOhObc7W1FQ4lHGlje9KUskRLxYpeBpTH4ZtGQL18It8RVbFcEhkOaJ1U9NCP4il9GcmwB+FQ4qZlY6keYNjVmOomu0IlpI37X/IfbASRjVM1vuG5+BoYnEbyAZrEaZTofeDUWB7RyobO2deYbU+dm/jRDEzYXFIWygnmQPrFPmRqKsw1ViJaZrhkv0pq9oL9CT+ll/vVlO+pXwB9O/kv4/EyLE7JqyqSNLnblpXODJrcnqSep5mjUOLJ8Jax5Bt/h/u9Rz9njIwZCdT4l0AOuuXXT5VUcbLUZUC8O8jtljUtyNtvjTLguDu2r3t0ANT4aExgKEyi2g0t8edM3D4yqgkanUn9woHBB7yngeERi11PoQaOYSBE2UD3V5HKPOrCSA6XP4VyiKySbLKSDpXDPymYIrjJHto5De4gf6124SW0tf4Uq9vOCjERhwPrE2sNSvMeo/jTYy2uxeK4y48nEMOaZeHsyYeUhRlYhSedwAfd7VC1w4QlWtpfQjXYgaacyKYoIgMEg08TSMbjpZfjQ6iaa/2j0GnnFRSfIsmJdTlBJ2J631Pnzq3g8BE5UMhA1DOGWxOYeyCtrhSfCTrvcbHJ4VYOUsLEZQSbjNmOhtbS2tzz0vrYpgcDlMRy5Q6l/rPEChIUstrW1tsb+nI3NqN2TP0nxtA+L4aI2cFDlGbKRlOl/AxIGx06X5VSihzGwAv7h86ZeMwOblJAVuQwK2GUezoQb6cqC9wuW2U5j9q2Ue5db12PLujbYv2xdKJcwGIkWwGnKyhdgLn32FUcXAbnQi16J8IQIytvZhfn5H0rfiynvLcrL7xYAHz2pSnWThFl5Y+nTAeABZxppXZ+HvkjjUtsq3HurnHZ/h1yW6HQ+d7i1/Sn3h+Bmexa2X4E0Gee6XBkzlfLYVifPsT+751KY1A8QDetSrhioAUD0uKxywF8pt7jQKNCXJPoHyRpurNGR0Jt8DVLGyhtHCmw9pbg+8UXdm+639mh82cm2RieljRpsngU8W4UgBgSRt59PWiPZOCUu7pYJfK97687Lbdh++iK8CMrB5PCo1slsx9SdAD5a+lXMVj4MKgRmjjAFwl9SOttyfO2tFHHzYE52qLX0dvvH4isoCe00P3mPnlGtZTKQHJtlws9kNg4Asj+CUWH2Tu1+qlhUf8jyKPq5TbTwOM2htz/wBKo8OxaSxlJFBAsLMLgkm3PQ/GvEx5QjupXiHRyXQ2zDKBJe3L2bbb1blhvoqRy12Wl+kgMO6Mlrg5COVtgdf9npXkfGWj3Zoht4lZha19zfQf1QPOpOG8ekQlWSNgSTmVmQ6sW9khuvWiA4xEwtKsikltkMg+1rePNtpqRSpYWhyyo1wvHlPsyRub8mANuWnXfQL00trRZOKAC7KV538O33ibjT+HpcSuGwsjizx3uxs2S9s9hcGzX1B16VHFweO8hb2V7sAq32yCb6XubFR5AaWpLi14GJpjJh8ZnF1bTqV0+dWL5x7Sm3Qf6ml5ZMrqiux9r2zewHMk6kX031vU0GMkYnUWGh02IYBhzpe5E+m+0RcZ7KQTi7Llb7y6C/oQQaWcT2ElFljluo2XNInqcpLLr5Wp1XHtybUEjLbTTz/3vXkeLllY5WyCNgpuA12MaOG3A/nALHpRKS8MndOJz49kMSmgjc9SrR6+tpFJ3O4rVeA4pbfVz6WtoWAA1AAzkW12rpMUuIQHM4fpmRQeVhdbedb/AE+YrqiX6D/UiobXyGtRk+EcybgOIa145n1J8SIRrv7R9Klj7LYkm4gkUjY5oQPXQ3rpA4hPqMqH4/x6c6oYjjOIEiIFF3RzbLp4GjF/aP8ASH+zt0hJeGE9RlfhCQvYadtCyR35tIzG/ULlsTRTA/k7jSxkkeTqF8Cn3Df30x4nF4kXPhW1r2UEG/XQ7X99VPpuKvbv1BJAsIrE6628PKp30qTFuWSXISwfBY4/CkQFtri5/Grv0U8x8qXsRiMYLDvWIfbIkYJ35209fStRjcSjRgsT3mnivf7TIQAdTZT0vpehSRFT+wyDDW6CvbKu7WB5k239aTuKY2cNYs5uA3hIUWzGwF1sDYHW50voNKFNizoZHbMTbc+yB7SMSPF7Q1HO+9Svsidjrlj7Nj4V17xTvbxXvbXQDeh2M45Gi3AdgMx8K5R4SQ2rW2IPwpNSYENYSXIUAoufbLcKSSANCddyTfe1X8LiwsTRtG7MWchmZF8LsW18RN/Edhr0psYSl4Bltj5COJxs8twrLElh4rlm1BIO3pzFAMbgixuXLa2YsxGhsLnW1gTfU8qsuJGyklUsAPBd2Nhp4mCgf2aqTYMs6szZwL3VwGHkQNl57DnTY4n5FPIl0Q5Iv6aH/mCsq/byHwrKP0UD6zBPDTZ29f3n+FW03Xn4eevMdfU/GvayrRURmH9o+tGcHoyev8KysriTw+IC+teYFAWIsBqfZ8J5c1saysoX0Egi0VmPik3H85J0/WoBxLi88YOWQ7geIB9yPvA15WVUyJUW8XYb4VjHdHLEE665VG4PQUa4L7U37Vf/AKYK8rKrL8w2XQZPL0qNhoffWVlHISjVkGb3fwoNikH0iHT+bm31+3B1rKygfY2IUx8SkbDb/poSwswHIJty0yVlZXS7Ch+Uh43jHQjKbWLclPTqKDNxOaSRcznwnTLZbWUj7NvvH415WVYiJ8mfQY5bvIudid3LMdB1JqBFA2VRtsqja/QVlZT0LkbTMbrqdV6mq7b2rKyi8iSZTvXgrKyiONM5615WVlccf//Z', '2022-08-16', 37);

COMMIT;


-- -----------------------------------------------------
-- Data for table `wine_color`
-- -----------------------------------------------------
START TRANSACTION;
USE `sipdb`;
INSERT INTO `wine_color` (`id`, `description`, `color`) VALUES (1, 'Sweet', 'Red');
INSERT INTO `wine_color` (`id`, `description`, `color`) VALUES (2, 'Sweet', 'White');
INSERT INTO `wine_color` (`id`, `description`, `color`) VALUES (3, 'Dry', 'Red');
INSERT INTO `wine_color` (`id`, `description`, `color`) VALUES (4, 'Dry', 'White');

COMMIT;


-- -----------------------------------------------------
-- Data for table `drinking_buddy`
-- -----------------------------------------------------
START TRANSACTION;
USE `sipdb`;
INSERT INTO `drinking_buddy` (`user_id`, `friend_id`) VALUES (2, 3);
INSERT INTO `drinking_buddy` (`user_id`, `friend_id`) VALUES (3, 4);
INSERT INTO `drinking_buddy` (`user_id`, `friend_id`) VALUES (5, 2);
INSERT INTO `drinking_buddy` (`user_id`, `friend_id`) VALUES (1, 3);
INSERT INTO `drinking_buddy` (`user_id`, `friend_id`) VALUES (2, 4);
INSERT INTO `drinking_buddy` (`user_id`, `friend_id`) VALUES (2, 5);
INSERT INTO `drinking_buddy` (`user_id`, `friend_id`) VALUES (2, 6);
INSERT INTO `drinking_buddy` (`user_id`, `friend_id`) VALUES (8, 2);
INSERT INTO `drinking_buddy` (`user_id`, `friend_id`) VALUES (8, 3);
INSERT INTO `drinking_buddy` (`user_id`, `friend_id`) VALUES (8, 4);
INSERT INTO `drinking_buddy` (`user_id`, `friend_id`) VALUES (8, 5);
INSERT INTO `drinking_buddy` (`user_id`, `friend_id`) VALUES (8, 6);
INSERT INTO `drinking_buddy` (`user_id`, `friend_id`) VALUES (8, 7);
INSERT INTO `drinking_buddy` (`user_id`, `friend_id`) VALUES (8, 9);
INSERT INTO `drinking_buddy` (`user_id`, `friend_id`) VALUES (7, 2);
INSERT INTO `drinking_buddy` (`user_id`, `friend_id`) VALUES (7, 3);
INSERT INTO `drinking_buddy` (`user_id`, `friend_id`) VALUES (7, 4);
INSERT INTO `drinking_buddy` (`user_id`, `friend_id`) VALUES (7, 5);
INSERT INTO `drinking_buddy` (`user_id`, `friend_id`) VALUES (7, 6);
INSERT INTO `drinking_buddy` (`user_id`, `friend_id`) VALUES (7, 8);
INSERT INTO `drinking_buddy` (`user_id`, `friend_id`) VALUES (7, 9);
INSERT INTO `drinking_buddy` (`user_id`, `friend_id`) VALUES (9, 2);
INSERT INTO `drinking_buddy` (`user_id`, `friend_id`) VALUES (9, 3);
INSERT INTO `drinking_buddy` (`user_id`, `friend_id`) VALUES (9, 4);
INSERT INTO `drinking_buddy` (`user_id`, `friend_id`) VALUES (9, 5);
INSERT INTO `drinking_buddy` (`user_id`, `friend_id`) VALUES (9, 6);
INSERT INTO `drinking_buddy` (`user_id`, `friend_id`) VALUES (9, 7);
INSERT INTO `drinking_buddy` (`user_id`, `friend_id`) VALUES (9, 8);
INSERT INTO `drinking_buddy` (`user_id`, `friend_id`) VALUES (9, 10);
INSERT INTO `drinking_buddy` (`user_id`, `friend_id`) VALUES (10, 2);
INSERT INTO `drinking_buddy` (`user_id`, `friend_id`) VALUES (10, 3);
INSERT INTO `drinking_buddy` (`user_id`, `friend_id`) VALUES (10, 4);
INSERT INTO `drinking_buddy` (`user_id`, `friend_id`) VALUES (10, 5);
INSERT INTO `drinking_buddy` (`user_id`, `friend_id`) VALUES (10, 6);
INSERT INTO `drinking_buddy` (`user_id`, `friend_id`) VALUES (10, 7);
INSERT INTO `drinking_buddy` (`user_id`, `friend_id`) VALUES (10, 8);
INSERT INTO `drinking_buddy` (`user_id`, `friend_id`) VALUES (10, 9);
INSERT INTO `drinking_buddy` (`user_id`, `friend_id`) VALUES (7, 10);
INSERT INTO `drinking_buddy` (`user_id`, `friend_id`) VALUES (8, 10);

COMMIT;

